Team,Name,Full Name
Philadelphia 76ers,T. Maxey,Tyrese Maxey
Philadelphia 76ers,J. Brown,Jaylen Brown
Philadelphia 76ers,L. James,LeBron James
Philadelphia 76ers,J. Embiid,Joel Embiid
Philadelphia 76ers,V.J. Edgecombe,VJ Edgecombe
Philadelphia 76ers,A. Simons,Anfernee Simons
Philadelphia 76ers,D. Wade,Dean Wade
Philadelphia 76ers,A. Bona,Adem Bona
Philadelphia 76ers,K. Caldwell-Pope,Kentavious Caldwell-Pope
Milwaukee Bucks,T. Herro,Tyler Herro
Milwaukee Bucks,R. Rollins,Ryan Rollins
Milwaukee Bucks,K. Ware,Kel'el Ware
Milwaukee Bucks,M. Turner,Myles Turner
Milwaukee Bucks,K. Porter Jr.,Kevin Porter Jr.
Milwaukee Bucks,J. Jaquez Jr.,Jaime Jaquez Jr.
Milwaukee Bucks,C. LeVert,Caris LeVert
Milwaukee Bucks,K. Kuzma,Kyle Kuzma
Milwaukee Bucks,O. Dieng,Ousmane Dieng
Chicago Bulls,J. Giddey,Josh Giddey
Chicago Bulls,N. Powell,Norman Powell
Chicago Bulls,M. Buzelis,Matas Buzelis
Chicago Bulls,N. Claxton,Nic Claxton
Chicago Bulls,T. Jones,Tre Jones
Chicago Bulls,C. Wilson,Caleb Wilson
Chicago Bulls,J. Smith,Jalen Smith
Chicago Bulls,I. Okoro,Isaac Okoro
Chicago Bulls,Z. Collins,Zach Collins
Cleveland Cavaliers,D. Mitchell,Donovan Mitchell
Cleveland Cavaliers,J. Harden,James Harden
Cleveland Cavaliers,E. Mobley,Evan Mobley
Cleveland Cavaliers,J. Allen,Jarrett Allen
Cleveland Cavaliers,P. Watson,Peyton Watson
Cleveland Cavaliers,S. Merrill,Sam Merrill
Cleveland Cavaliers,J. Tyson,Jaylon Tyson
Cleveland Cavaliers,T. Bryant,Thomas Bryant
Cleveland Cavaliers,M. Hezonja,Mario Hezonja
Boston Celtics,J. Tatum,Jayson Tatum
Boston Celtics,D. White,Derrick White
Boston Celtics,P. George,Paul George
Boston Celtics,P. Pritchard,Payton Pritchard
Boston Celtics,M. Robinson,Mitchell Robinson
Boston Celtics,N. Queta,Neemias Queta
Boston Celtics,S. Hauser,Sam Hauser
Boston Celtics,B. Scheierman,Baylor Scheierman
Boston Celtics,M. Conley,Mike Conley
Los Angeles Clippers,D. Garland,Darius Garland
Los Angeles Clippers,B. Ingram,Brandon Ingram
Los Angeles Clippers,R. Hachimura,Rui Hachimura
Los Angeles Clippers,M. Strus,Max Strus
Los Angeles Clippers,B. Lopez,Brook Lopez
Los Angeles Clippers,D. Jones Jr.,Derrick Jones Jr.
Los Angeles Clippers,B. Beal,Bradley Beal
Los Angeles Clippers,K. Wagler,Keaton Wagler
Los Angeles Clippers,K. Dunn,Kris Dunn
Memphis Grizzlies,T. Jerome,Ty Jerome
Memphis Grizzlies,C. Coward,Cedric Coward
Memphis Grizzlies,Z. Edey,Zach Edey
Memphis Grizzlies,C. Boozer,Cameron Boozer
Memphis Grizzlies,J. Grant,Jerami Grant
Memphis Grizzlies,J. Wells,Jaylen Wells
Memphis Grizzlies,G.G. Jackson,GG Jackson
Memphis Grizzlies,I. Stewart,Isaiah Stewart
Memphis Grizzlies,C. Spencer,Cam Spencer
Atlanta Hawks,J. Johnson,Jalen Johnson
Atlanta Hawks,C.J. McCollum,CJ McCollum
Atlanta Hawks,N. Alexander-Walker,Nickeil Alexander-Walker
Atlanta Hawks,D. Daniels,Dyson Daniels
Atlanta Hawks,O. Okongwu,Onyeka Okongwu
Atlanta Hawks,L. Dort,Luguentz Dort
Atlanta Hawks,A. Wiggins,Aaron Wiggins
Atlanta Hawks,J. Landale,Jock Landale
Atlanta Hawks,D. Finney-Smith,Dorian Finney-Smith
Miami Heat,G. Antetokounmpo,Giannis Antetokounmpo
Miami Heat,B. Adebayo,Bam Adebayo
Miami Heat,B. Portis Jr.,Bobby Portis
Miami Heat,A. Wiggins,Andrew Wiggins
Miami Heat,T. Hardaway Jr.,Tim Hardaway Jr.
Miami Heat,P. Larsson,Pelle Larsson
Miami Heat,D. Mitchell,Davion Mitchell
Miami Heat,K. Thompson,Klay Thompson
Miami Heat,S. Fontecchio,Simone Fontecchio
Charlotte Hornets,B. Miller,Brandon Miller
Charlotte Hornets,K. Knueppel,Kon Knueppel
Charlotte Hornets,N. Reid,Naz Reid
Charlotte Hornets,C. White,Coby White
Charlotte Hornets,G. Allen,Grayson Allen
Charlotte Hornets,M. Diabaté,Moussa Diabate
Charlotte Hornets,R. Kalkbrenner,Ryan Kalkbrenner
Charlotte Hornets,R. O'Neale,Royce O'Neale
Charlotte Hornets,D. Schröder,Dennis Schroder
Utah Jazz,L. Markkanen,Lauri Markkanen
Utah Jazz,J. Jackson Jr.,Jaren Jackson Jr.
Utah Jazz,K. George,Keyonte George
Utah Jazz,I. Collier,Isaiah Collier
Utah Jazz,D. Peterson,Darryn Peterson
Utah Jazz,A. Bailey,Ace Bailey
Utah Jazz,B. Sensabaugh,Brice Sensabaugh
Utah Jazz,K. Filipowski,Kyle Filipowski
Utah Jazz,J. Nurkić,Jusuf Nurkic
Sacramento Kings,D. Sabonis,Domantas Sabonis
Sacramento Kings,Z. LaVine,Zach LaVine
Sacramento Kings,K. Murray,Keegan Murray
Sacramento Kings,M. Raynaud,Maxime Raynaud
Sacramento Kings,M. Monk,Malik Monk
Sacramento Kings,D. Hunter,De'Andre Hunter
Sacramento Kings,P. Achiuwa,Precious Achiuwa
Sacramento Kings,D. Acuff Jr.,Darius Acuff Jr.
Sacramento Kings,N. Clifford,Nique Clifford
New York Knicks,J. Brunson,Jalen Brunson
New York Knicks,K. Towns,Karl-Anthony Towns
New York Knicks,O. Anunoby,OG Anunoby
New York Knicks,M. Bridges,Mikal Bridges
New York Knicks,J. Hart,Josh Hart
New York Knicks,M. McBride,Miles McBride
New York Knicks,L. Shamet,Landry Shamet
New York Knicks,J. Alvarado,Jose Alvarado
New York Knicks,A. Drummond,Andre Drummond
Los Angeles Lakers,L. Dončić,Luka Doncic
Los Angeles Lakers,A. Reaves,Austin Reaves
Los Angeles Lakers,W. Kessler,Walker Kessler
Los Angeles Lakers,C. Sexton,Collin Sexton
Los Angeles Lakers,Q. Grimes,Quentin Grimes
Los Angeles Lakers,S. Mamukelashvili,Sandro Mamukelashvili
Los Angeles Lakers,J. Vanderbilt,Jarred Vanderbilt
Los Angeles Lakers,J. LaRavia,Jake LaRavia
Los Angeles Lakers,Z. Williams,Ziaire Williams
Orlando Magic,P. Banchero,Paolo Banchero
Orlando Magic,F. Wagner,Franz Wagner
Orlando Magic,D. Bane,Desmond Bane
Orlando Magic,J. Suggs,Jalen Suggs
Orlando Magic,A. Black,Anthony Black
Orlando Magic,W. Carter Jr.,Wendell Carter Jr.
Orlando Magic,N. Vučević,Nikola Vucevic
Orlando Magic,T. da Silva,Tristan da Silva
Orlando Magic,G. Bitadze,Goga Bitadze
Dallas Mavericks,C. Flagg,Cooper Flagg
Dallas Mavericks,K. Irving,Kyrie Irving
Dallas Mavericks,N. Marshall,Naji Marshall
Dallas Mavericks,P.J. Washington,P.J. Washington
Dallas Mavericks,D. Gafford,Daniel Gafford
Dallas Mavericks,D. Lively II,Dereck Lively II
Dallas Mavericks,S. Aldama,Santi Aldama
Dallas Mavericks,Z. Risacher,Zaccharie Risacher
Dallas Mavericks,M. Christie,Max Christie
Brooklyn Nets,M. Porter Jr.,Michael Porter Jr.
Brooklyn Nets,J. Randle,Julius Randle
Brooklyn Nets,E. Dëmin,Egor Demin
Brooklyn Nets,N. Clowney,Noah Clowney
Brooklyn Nets,N. Traore,Nolan Traore
Brooklyn Nets,K. Ellis,Keon Ellis
Brooklyn Nets,D. Wolf,Danny Wolf
Brooklyn Nets,D. Sharpe,Day'Ron Sharpe
Brooklyn Nets,M. Brown Jr.,Mikel Brown Jr.
Denver Nuggets,N. Jokić,Nikola Jokic
Denver Nuggets,J. Murray,Jamal Murray
Denver Nuggets,D. DeRozan,DeMar DeRozan
Denver Nuggets,A. Gordon,Aaron Gordon
Denver Nuggets,C. Johnson,Cameron Johnson
Denver Nuggets,C. Braun,Christian Braun
Denver Nuggets,M. Bagley III,Marvin Bagley III
Denver Nuggets,J. Strawther,Julian Strawther
Denver Nuggets,T. Jones,Tyus Jones
Indiana Pacers,T. Haliburton,Tyrese Haliburton
Indiana Pacers,P. Siakam,Pascal Siakam
Indiana Pacers,I. Zubac,Ivica Zubac
Indiana Pacers,A. Nembhard,Andrew Nembhard
Indiana Pacers,A. Nesmith,Aaron Nesmith
Indiana Pacers,K. Oubre Jr.,Kelly Oubre Jr.
Indiana Pacers,T.J. McConnell,T.J. McConnell
Indiana Pacers,O. Toppin,Obi Toppin
Indiana Pacers,J. Walker,Jarace Walker
New Orleans Pelicans,T. Murphy III,Trey Murphy III
New Orleans Pelicans,Z. Williamson,Zion Williamson
New Orleans Pelicans,D. Murray,Dejounte Murray
New Orleans Pelicans,S. Bey,Saddiq Bey
New Orleans Pelicans,H. Jones,Herbert Jones
New Orleans Pelicans,D. Queen,Derik Queen
New Orleans Pelicans,B. Mathurin,Bennedict Mathurin
New Orleans Pelicans,J. Fears,Jeremiah Fears
New Orleans Pelicans,Y. Missi,Yves Missi
Detroit Pistons,C. Cunningham,Cade Cunningham
Detroit Pistons,A. Thompson,Ausar Thompson
Detroit Pistons,J. Duren,Jalen Duren
Detroit Pistons,D. Robinson,Duncan Robinson
Detroit Pistons,J. Collins,John Collins
Detroit Pistons,D. Jenkins,Daniss Jenkins
Detroit Pistons,I. Joe,Isaiah Joe
Detroit Pistons,P. Reed,Paul Reed
Detroit Pistons,K. Huerter,Kevin Huerter
Toronto Raptors,K. Leonard,Kawhi Leonard
Toronto Raptors,S. Barnes,Scottie Barnes
Toronto Raptors,I. Quickley,Immanuel Quickley
Toronto Raptors,R.J. Barrett,RJ Barrett
Toronto Raptors,C. Murray-Boyles,Collin Murray-Boyles
Toronto Raptors,J. Poeltl,Jakob Poeltl
Toronto Raptors,J. Walter,Ja'Kobe Walter
Toronto Raptors,J. Shead,Jamal Shead
Toronto Raptors,J. Battle,Jamison Battle
Houston Rockets,K. Durant,Kevin Durant
Houston Rockets,A. Şengün,Alperen Sengun
Houston Rockets,A. Thompson,Amen Thompson
Houston Rockets,J. Smith Jr.,Jabari Smith Jr.
Houston Rockets,F. VanVleet,Fred VanVleet
Houston Rockets,R. Sheppard,Reed Sheppard
Houston Rockets,M. Smart,Marcus Smart
Houston Rockets,T. Eason,Tari Eason
Houston Rockets,C. Capela,Clint Capela
San Antonio Spurs,V. Wembanyama,Victor Wembanyama
San Antonio Spurs,S. Castle,Stephon Castle
San Antonio Spurs,D. Harper,Dylan Harper
San Antonio Spurs,D. Fox,De'Aaron Fox
San Antonio Spurs,D. Vassell,Devin Vassell
San Antonio Spurs,T. Harris,Tobias Harris
San Antonio Spurs,J. Champagnie,Julian Champagnie
San Antonio Spurs,K. Johnson,Keldon Johnson
San Antonio Spurs,L. Kornet,Luke Kornet
Phoenix Suns,D. Booker,Devin Booker
Phoenix Suns,D. Brooks,Dillon Brooks
Phoenix Suns,J. Green,Jalen Green
Phoenix Suns,M. Bridges,Miles Bridges
Phoenix Suns,C. Gillespie,Collin Gillespie
Phoenix Suns,M. Williams,Mark Williams
Phoenix Suns,O. Ighodaro,Oso Ighodaro
Phoenix Suns,J. Goodwin,Jordan Goodwin
Phoenix Suns,L. Kennard,Luke Kennard
Oklahoma City Thunder,S. Gilgeous-Alexander,Shai Gilgeous-Alexander
Oklahoma City Thunder,C. Holmgren,Chet Holmgren
Oklahoma City Thunder,J. Williams,Jalen Williams
Oklahoma City Thunder,I. Hartenstein,Isaiah Hartenstein
Oklahoma City Thunder,A. Mitchell,Ajay Mitchell
Oklahoma City Thunder,C. Wallace,Cason Wallace
Oklahoma City Thunder,A. Caruso,Alex Caruso
Oklahoma City Thunder,J. McCain,Jared McCain
Oklahoma City Thunder,J. Williams,Jaylin Williams
Minnesota Timberwolves,A. Edwards,Anthony Edwards
Minnesota Timberwolves,L. Ball,LaMelo Ball
Minnesota Timberwolves,J. McDaniels,Jaden McDaniels
Minnesota Timberwolves,R. Gobert,Rudy Gobert
Minnesota Timberwolves,A. Dosunmu,Ayo Dosunmu
Minnesota Timberwolves,J. Kuminga,Jonathan Kuminga
Minnesota Timberwolves,D. DiVincenzo,Donte DiVincenzo
Minnesota Timberwolves,T. Shannon Jr.,Terrence Shannon Jr.
Minnesota Timberwolves,N. Hyland,Bones Hyland
Portland Trail Blazers,D. Avdija,Deni Avdija
Portland Trail Blazers,D. Lillard,Damian Lillard
Portland Trail Blazers,J. Morant,Ja Morant
Portland Trail Blazers,D. Clingan,Donovan Clingan
Portland Trail Blazers,J. Holiday,Jrue Holiday
Portland Trail Blazers,S. Sharpe,Shaedon Sharpe
Portland Trail Blazers,T. Camara,Toumani Camara
Portland Trail Blazers,S. Henderson,Scoot Henderson
Portland Trail Blazers,R. Williams III,Robert Williams III
Golden State Warriors,S. Curry,Stephen Curry
Golden State Warriors,J. Butler,Jimmy Butler III
Golden State Warriors,K. Porziņģis,Kristaps Porzingis
Golden State Warriors,D. Green,Draymond Green
Golden State Warriors,B. Podziemski,Brandin Podziemski
Golden State Warriors,G. Santos,Gui Santos
Golden State Warriors,A. Horford,Al Horford
Golden State Warriors,M. Moody,Moses Moody
Golden State Warriors,D. Melton,De'Anthony Melton
Washington Wizards,A. Davis,Anthony Davis
Washington Wizards,T. Young,Trae Young
Washington Wizards,A. Sarr,Alex Sarr
Washington Wizards,K. George,Kyshawn George
Washington Wizards,A. Dybantsa,AJ Dybantsa
Washington Wizards,B. Coulibaly,Bilal Coulibaly
Washington Wizards,D. Ayton,Deandre Ayton
Washington Wizards,T. Johnson,Tre Johnson
Washington Wizards,W. Riley,Will Riley
