Team,Name,Position,Age,Player Rating,Driving Layup,Standing Dunk,Driving Dunk,Close Shot,Mid-Range Shot,Three-Point Shot,Free Throw,Post Hook,Post Fade,Post Control,Draw Foul,Shot IQ,Ball Handle,Speed With Ball,Hands,Pass Accuracy,Pass IQ,Pass Vision,Offensive Consistency,Interior Defense,Perimeter Defense,Steal,Block,Offensive Rebound,Defensive Rebound,Help Defense IQ,Pass Perception,Defensive Consistency,Speed,Agility,Strength,Vertical,Stamina,Intangibles,Hustle,Overall Durability,Potential
Philadelphia 76ers,T. Maxey,PG,25,92,96,25,70,84,87,88,90,45,60,47,89,80,92,96,98,80,87,74,98,54,79,73,60,29,52,69,68,65,96,90,44,80,98,75,98,90,A
Philadelphia 76ers,J. Brown,SG,29,91,97,50,94,94,90,82,80,72,80,85,89,75,86,76,98,78,84,73,95,84,90,43,51,43,70,86,87,85,79,88,72,84,95,50,95,83,A
Philadelphia 76ers,L. James,PF,41,91,97,80,85,94,83,76,74,82,88,84,80,95,84,85,98,90,97,81,80,74,74,46,57,38,69,70,70,60,87,84,89,89,88,70,70,74,A+
Philadelphia 76ers,J. Embiid,C,32,91,89,85,80,94,91,79,85,96,96,95,97,70,57,57,90,74,82,71,95,86,68,36,73,62,90,83,64,80,60,59,96,60,70,60,65,63,A+
Philadelphia 76ers,V.J. Edgecombe,SG,21,83,85,35,89,81,86,82,83,41,53,40,74,75,86,85,85,75,80,64,85,53,77,59,53,50,56,77,75,75,89,91,57,88,85,65,85,93,A-
Philadelphia 76ers,A. Simons,SG,27,79,89,40,89,97,79,82,90,49,49,49,59,70,86,79,95,75,79,57,75,49,59,40,37,37,45,50,55,40,86,89,41,90,92,50,90,77,B+
Philadelphia 76ers,D. Wade,PF,29,76,78,80,75,93,70,79,71,60,60,64,44,60,60,43,70,38,55,35,40,80,84,49,56,47,66,84,82,85,62,84,69,83,80,50,85,73,B
Philadelphia 76ers,A. Bona,C,23,75,67,80,80,77,57,54,71,55,42,55,37,70,52,57,70,40,40,28,40,70,37,40,90,77,66,72,50,60,82,68,73,89,84,80,90,86,B
Philadelphia 76ers,K. Caldwell-Pope,SG,33,75,74,35,73,88,87,80,91,35,58,35,40,50,70,75,90,67,68,68,30,45,84,53,45,35,50,82,82,80,79,84,60,69,92,40,85,76,B
Milwaukee Bucks,T. Herro,SG,26,85,93,30,60,98,90,85,92,37,42,40,82,70,85,74,95,79,84,67,95,46,69,38,51,32,60,65,60,50,79,78,59,72,85,50,70,78,A-
Milwaukee Bucks,R. Rollins,PG,24,80,84,25,65,85,79,84,79,40,42,42,79,75,79,82,85,79,79,73,80,43,68,70,52,37,60,67,62,60,86,86,39,80,85,75,85,84,B+
Milwaukee Bucks,K. Ware,C,22,79,72,85,86,77,64,81,76,65,54,60,62,70,52,46,90,37,52,29,60,75,37,46,82,87,91,69,50,60,66,68,70,90,89,50,90,89,B+
Milwaukee Bucks,M. Turner,C,30,79,66,80,65,85,88,82,74,76,80,80,40,70,35,32,85,31,68,34,40,86,70,41,87,46,69,87,70,85,56,66,82,69,95,40,80,83,B+
Milwaukee Bucks,K. Porter Jr.,PG,26,79,83,40,80,79,94,76,88,25,62,44,84,60,82,83,80,82,82,78,75,44,69,96,53,40,62,64,75,55,85,75,52,75,88,40,80,76,B
Milwaukee Bucks,J. Jaquez Jr.,PF,25,78,86,55,88,92,69,73,77,60,64,63,45,70,73,64,80,70,74,71,80,68,72,40,47,48,61,75,72,75,67,75,70,82,88,70,90,91,B+
Milwaukee Bucks,C. LeVert,SF,32,78,80,60,75,83,84,79,66,52,54,49,60,60,86,72,95,75,84,67,75,45,74,63,73,36,47,70,68,60,75,77,54,80,92,45,80,75,B+
Milwaukee Bucks,K. Kuzma,SF,31,77,77,75,75,84,79,78,72,66,65,66,50,60,77,67,95,66,78,59,70,66,75,41,55,42,66,74,72,70,74,74,74,75,85,30,95,81,B+
Milwaukee Bucks,O. Dieng,SF,23,76,66,45,75,85,77,81,76,45,48,48,47,75,70,75,90,69,70,62,65,67,68,40,56,39,62,60,52,45,78,78,62,79,88,70,80,81,B+
Chicago Bulls,J. Giddey,PG,23,84,94,45,65,92,38,79,76,55,58,55,89,85,86,79,90,90,92,88,85,50,62,43,53,46,83,57,54,45,79,79,60,74,88,85,90,85,B+
Chicago Bulls,N. Powell,SG,33,84,88,25,80,97,75,84,83,30,32,28,65,80,79,77,88,74,75,49,95,50,79,53,45,31,52,77,74,75,79,80,60,80,92,70,90,76,B+
Chicago Bulls,M. Buzelis,PF,21,81,85,65,89,85,83,80,79,62,58,60,79,85,72,76,90,65,69,40,90,58,62,38,82,43,68,65,62,50,86,70,69,84,90,75,85,92,B+
Chicago Bulls,N. Claxton,C,27,80,77,80,75,89,75,64,62,72,64,72,55,70,49,44,80,40,48,70,70,84,79,40,76,69,75,85,64,85,69,77,75,79,90,60,89,82,A-
Chicago Bulls,T. Jones,PG,26,79,87,25,35,97,87,75,82,32,34,30,86,70,84,80,80,83,83,74,85,34,73,63,40,36,49,70,67,60,80,80,60,71,85,60,75,84,B
Chicago Bulls,C. Wilson,PF,20,77,82,75,88,82,67,65,71,61,61,60,66,60,67,76,75,59,65,37,50,77,75,67,79,67,75,75,70,65,85,82,61,92,88,50,85,67,A
Chicago Bulls,J. Smith,C,26,76,70,85,80,71,67,80,74,72,71,71,57,70,38,49,80,29,40,37,80,70,48,37,76,69,85,73,44,45,69,68,79,86,82,60,70,77,B
Chicago Bulls,I. Okoro,SF,25,75,80,45,75,65,60,77,79,47,49,47,54,60,71,73,80,65,67,34,45,68,84,40,55,47,40,80,82,80,77,85,67,80,89,60,90,85,B
Chicago Bulls,Z. Collins,C,28,75,70,70,65,89,79,79,70,84,78,83,50,70,40,38,75,30,30,44,50,68,45,31,58,68,82,67,65,40,66,65,70,79,75,50,75,60,B
Cleveland Cavaliers,D. Mitchell,SG,30,93,97,50,92,98,89,88,86,37,77,44,90,70,93,91,98,84,84,73,95,68,75,66,45,36,56,79,79,75,95,90,60,97,96,50,95,85,A
Cleveland Cavaliers,J. Harden,PG,37,87,93,35,75,88,84,88,88,60,74,69,94,55,95,82,90,78,94,83,95,62,70,46,51,34,60,63,82,65,82,85,71,87,98,50,60,82,A
Cleveland Cavaliers,E. Mobley,PF,25,87,76,85,85,88,77,75,63,83,83,84,70,70,60,66,85,69,74,64,75,93,82,40,85,65,82,95,85,90,72,79,74,81,90,60,90,88,A+
Cleveland Cavaliers,J. Allen,C,28,85,84,90,85,97,80,63,71,83,63,84,80,80,35,35,95,25,48,40,90,88,72,49,70,72,84,88,67,85,75,72,84,79,90,40,90,80,A-
Cleveland Cavaliers,P. Watson,SF,24,79,72,60,65,84,90,82,73,44,42,40,40,65,70,76,95,60,62,39,80,78,78,43,74,42,62,80,78,80,77,80,69,82,88,45,75,78,B+
Cleveland Cavaliers,S. Merrill,SG,30,77,69,30,45,87,69,91,86,30,44,48,55,80,76,60,80,74,79,46,80,42,68,38,37,36,46,62,62,55,62,68,52,60,80,75,60,70,B
Cleveland Cavaliers,J. Tyson,SF,23,76,77,40,75,92,65,84,70,40,57,52,60,65,75,77,80,62,69,43,70,50,70,42,53,61,59,70,67,60,80,76,63,75,85,50,90,83,B+
Cleveland Cavaliers,T. Bryant,C,29,74,69,75,65,97,85,79,80,73,73,73,37,50,53,53,78,40,42,31,40,63,40,40,72,67,80,79,50,45,62,57,80,52,88,50,95,77,B
Cleveland Cavaliers,M. Hezonja,SF,31,74,79,45,75,79,74,78,80,54,62,45,35,70,75,73,77,58,70,38,50,45,68,61,51,36,63,60,62,35,75,75,60,79,80,75,72,89,B
Boston Celtics,J. Tatum,PF,28,93,95,50,89,90,91,88,82,79,86,88,88,90,86,79,98,78,84,72,95,81,85,63,37,34,89,89,84,85,82,88,71,83,95,80,98,68,A+
Boston Celtics,D. White,PG,32,83,86,40,55,82,85,81,90,35,51,35,67,70,86,87,90,88,82,71,75,58,95,49,80,43,51,95,84,95,88,93,46,75,85,30,95,84,A-
Boston Celtics,P. George,PF,36,82,81,55,80,90,87,83,84,40,79,60,40,60,87,77,80,78,70,67,85,71,79,86,55,35,68,79,78,70,79,84,70,75,95,60,75,73,A
Boston Celtics,P. Pritchard,PG,28,82,86,25,35,98,88,87,89,40,46,35,57,85,82,75,75,84,82,71,90,36,60,38,35,40,51,60,45,35,75,75,47,66,84,80,78,87,B+
Boston Celtics,M. Robinson,C,28,80,64,85,80,90,68,32,41,65,52,50,41,70,40,25,80,70,54,31,35,83,49,66,88,98,87,87,65,80,48,65,92,76,80,45,85,72,B+
Boston Celtics,N. Queta,C,27,80,76,75,70,98,76,50,70,62,60,62,50,70,38,30,85,52,62,37,60,89,68,46,86,84,83,88,57,85,59,59,85,65,80,40,95,81,B+
Boston Celtics,S. Hauser,SF,28,76,61,40,60,94,79,87,89,44,45,45,55,75,43,55,95,50,60,34,75,48,55,38,52,41,60,52,44,45,61,62,66,62,85,60,88,82,B
Boston Celtics,B. Scheierman,SG,26,75,76,40,55,97,86,83,86,30,48,40,44,90,71,75,66,70,69,41,70,47,56,43,35,47,66,57,47,40,86,64,58,54,90,70,85,89,B
Boston Celtics,M. Conley,PG,38,75,72,25,30,86,70,74,90,25,40,29,60,80,82,78,84,82,82,70,40,31,80,43,51,34,45,80,78,75,78,84,40,92,85,45,80,76,B+
Los Angeles Clippers,D. Garland,PG,26,84,85,25,40,92,90,86,85,32,37,42,50,85,94,88,85,85,85,80,90,31,71,43,37,33,42,69,66,50,88,88,40,84,95,50,90,81,A-
Los Angeles Clippers,B. Ingram,SF,29,84,90,65,80,88,96,82,82,64,86,86,74,70,85,70,98,75,75,64,95,54,69,38,61,38,66,58,68,40,74,74,42,77,95,35,80,80,A-
Los Angeles Clippers,R. Hachimura,PF,28,79,75,80,80,87,85,85,73,74,70,72,50,75,72,67,85,51,54,28,85,60,54,36,50,37,51,59,50,35,72,74,79,80,90,55,85,79,B+
Los Angeles Clippers,M. Strus,SF,30,78,74,35,65,86,85,91,88,48,47,47,42,70,69,74,85,72,70,42,70,45,66,33,25,47,81,60,57,50,76,76,49,74,95,40,70,58,B+
Los Angeles Clippers,B. Lopez,C,38,77,54,75,65,94,74,80,77,76,76,86,40,60,35,25,85,35,70,36,70,80,45,43,85,40,64,80,78,80,25,60,89,60,92,75,85,78,B+
Los Angeles Clippers,D. Jones Jr.,PF,29,77,78,85,94,91,82,79,76,50,52,52,52,60,68,61,90,65,54,34,65,67,82,49,75,48,48,81,80,80,77,82,74,93,83,50,80,71,B
Los Angeles Clippers,B. Beal,SG,33,76,84,30,75,85,80,80,81,55,55,54,45,65,86,76,92,74,74,47,70,45,60,46,56,36,47,57,40,40,76,83,62,87,84,50,78,56,A
Los Angeles Clippers,K. Wagler,SG,19,75,73,25,40,73,81,80,80,52,51,52,59,65,82,73,98,80,82,79,60,43,68,42,37,35,46,64,57,55,73,72,54,76,85,65,85,80,A-
Los Angeles Clippers,K. Dunn,PG,32,75,71,40,55,95,71,81,78,39,60,42,40,50,78,82,80,72,74,66,45,40,87,90,40,40,51,88,88,85,83,87,56,83,85,25,90,80,B
Memphis Grizzlies,T. Jerome,PG,29,80,87,40,45,95,85,83,88,38,37,37,77,80,86,68,80,84,84,90,95,32,56,76,42,42,50,62,48,35,69,73,46,62,85,65,68,54,B+
Memphis Grizzlies,C. Coward,SG,23,80,87,50,80,92,69,78,85,30,48,32,45,85,73,79,80,68,68,62,65,58,73,40,55,52,73,71,68,55,88,84,57,83,95,98,85,84,A-
Memphis Grizzlies,Z. Edey,C,24,80,61,80,70,98,78,74,78,82,65,82,50,70,39,30,95,58,63,32,70,79,37,38,94,92,91,79,67,75,46,31,84,66,79,45,85,57,A-
Memphis Grizzlies,C. Boozer,PF,19,79,75,65,70,85,81,79,79,78,78,78,68,70,67,64,95,68,75,57,65,64,59,47,41,70,79,66,65,55,68,63,77,71,89,65,90,80,A
Memphis Grizzlies,J. Grant,SF,32,79,81,80,80,80,62,83,81,62,59,69,75,70,76,72,95,69,70,42,80,70,69,40,58,42,48,77,72,75,77,77,69,78,95,50,94,74,B+
Memphis Grizzlies,J. Wells,SF,23,78,77,45,70,94,90,82,78,42,44,42,55,60,75,70,80,62,64,37,60,51,80,46,37,42,48,78,75,75,86,80,66,67,85,50,85,89,B+
Memphis Grizzlies,G.G. Jackson,PF,21,77,73,65,85,88,89,76,74,59,59,59,49,60,62,80,95,59,50,41,70,58,58,40,73,47,68,70,69,40,82,79,62,82,88,70,60,82,B+
Memphis Grizzlies,I. Stewart,C,25,77,78,75,70,92,77,77,76,73,64,75,50,55,34,52,70,44,50,33,60,87,78,32,91,65,66,86,42,80,63,71,89,70,80,30,85,83,B
Memphis Grizzlies,C. Spencer,SG,26,76,69,30,55,97,86,84,94,36,37,30,52,60,77,70,85,84,84,77,70,44,59,43,40,37,47,50,52,45,73,73,50,53,85,55,90,84,B
Atlanta Hawks,J. Johnson,PF,24,87,90,75,96,83,88,80,78,82,84,84,90,80,79,74,80,83,86,77,95,66,66,49,51,46,89,60,57,50,76,76,68,82,85,65,80,86,A-
Atlanta Hawks,C.J. McCollum,PG,35,83,82,30,40,96,88,85,77,38,46,32,52,75,86,82,91,72,79,69,95,35,70,41,52,39,47,70,50,65,82,84,60,80,98,85,95,82,A-
Atlanta Hawks,N. Alexander-Walker,SG,28,83,85,40,60,78,79,87,90,54,58,64,67,85,81,72,88,75,76,62,85,52,84,56,55,36,48,82,80,80,72,87,67,70,90,75,75,88,B+
Atlanta Hawks,D. Daniels,SF,23,81,84,25,75,90,68,50,62,44,55,47,51,45,78,79,85,77,77,71,50,67,94,96,51,62,62,90,95,90,79,93,69,75,89,25,85,92,A-
Atlanta Hawks,O. Okongwu,C,25,81,85,85,85,92,88,82,76,54,55,80,75,80,54,60,80,51,50,57,80,79,64,49,72,57,77,83,65,65,74,74,80,75,88,50,95,89,B+
Atlanta Hawks,L. Dort,SG,27,78,71,50,85,64,86,78,76,40,38,44,40,40,72,76,85,67,68,31,40,75,90,75,55,42,51,90,88,90,79,94,78,87,92,40,94,84,B+
Atlanta Hawks,A. Wiggins,SF,27,76,77,35,70,82,87,80,74,52,57,54,62,65,70,75,76,68,68,41,80,48,59,59,58,41,54,57,52,55,84,84,45,72,80,25,65,81,B
Atlanta Hawks,J. Landale,C,30,75,76,65,65,98,72,81,64,84,84,84,44,65,52,45,70,57,57,42,65,71,48,38,62,85,63,62,60,45,54,54,75,75,80,35,70,76,B
Atlanta Hawks,D. Finney-Smith,PF,33,74,84,40,84,80,71,73,64,54,50,54,58,70,60,44,72,65,68,32,60,72,83,41,47,56,51,74,74,75,67,82,62,83,80,60,80,70,B
Miami Heat,G. Antetokounmpo,PF,31,96,98,85,91,96,59,62,65,79,74,91,97,90,87,80,95,84,95,85,98,90,87,70,62,80,90,92,88,95,89,86,94,85,98,65,95,70,A+
Miami Heat,B. Adebayo,C,29,87,83,85,80,87,79,77,78,80,82,88,60,70,69,66,90,72,74,53,95,95,88,49,57,57,87,94,80,95,74,84,89,83,92,40,90,86,A-
Miami Heat,B. Portis Jr.,C,31,80,72,75,70,96,82,89,71,83,83,87,74,75,52,59,85,55,52,40,55,78,40,40,45,56,84,75,65,65,65,64,83,64,85,50,90,81,B+
Miami Heat,A. Wiggins,PF,31,79,79,40,85,88,73,86,79,65,74,77,50,80,79,80,85,62,60,46,70,55,74,49,71,53,52,70,67,65,82,82,64,97,87,50,90,82,A-
Miami Heat,T. Hardaway Jr.,SG,34,79,85,35,78,91,84,87,81,36,53,38,70,85,78,68,71,75,84,33,80,45,70,36,35,29,48,63,58,40,68,75,55,78,85,65,83,82,B
Miami Heat,P. Larsson,SF,25,78,75,45,75,94,87,76,79,38,44,42,69,70,68,74,80,64,68,65,75,52,65,41,45,45,49,60,57,50,87,80,55,79,85,65,85,84,B
Miami Heat,D. Mitchell,PG,28,77,80,25,40,98,74,82,67,30,30,30,30,55,86,82,95,75,75,74,65,44,86,46,37,33,45,85,82,85,82,88,60,70,90,55,95,84,B+
Miami Heat,K. Thompson,SG,36,76,67,35,65,85,79,88,76,35,65,64,60,70,67,67,85,57,57,38,80,60,75,37,51,31,47,70,48,70,71,75,62,67,91,55,80,79,A
Miami Heat,S. Fontecchio,SF,30,74,77,40,65,75,83,82,84,50,50,50,67,60,58,52,69,55,60,43,75,51,65,43,42,49,60,64,47,45,55,66,62,55,80,60,95,78,B
Charlotte Hornets,B. Miller,SG,23,85,80,55,87,84,77,85,89,40,64,47,83,85,86,78,80,75,75,67,95,50,73,46,62,44,62,67,68,65,78,82,60,85,95,85,80,84,A
Charlotte Hornets,K. Knueppel,SF,21,84,84,40,55,97,72,94,87,40,40,40,44,85,76,64,90,75,75,64,95,48,70,38,42,46,62,67,67,65,65,70,62,78,89,60,95,96,A-
Charlotte Hornets,N. Reid,C,27,82,83,80,80,97,73,83,73,82,70,82,60,50,58,49,94,59,65,48,80,78,54,53,73,49,78,80,65,75,50,54,87,75,88,50,95,85,B+
Charlotte Hornets,C. White,PG,26,80,86,30,65,90,74,81,82,34,45,49,78,70,87,84,95,79,84,72,80,49,64,37,35,33,59,66,64,55,85,85,56,81,90,50,85,84,B+
Charlotte Hornets,G. Allen,SG,30,80,79,25,70,80,84,86,85,31,43,42,49,85,78,79,78,68,70,70,85,35,72,66,45,36,47,70,74,45,84,78,44,81,85,60,80,73,B+
Charlotte Hornets,M. Diabaté,C,24,79,78,65,80,85,72,67,66,67,57,67,57,70,40,66,65,42,52,39,60,65,41,43,73,93,79,65,50,55,73,73,74,78,80,85,95,85,B
Charlotte Hornets,R. Kalkbrenner,C,24,79,61,80,75,98,74,73,71,71,60,70,67,85,37,30,85,50,50,30,70,78,30,38,89,85,65,78,54,75,44,35,70,74,85,80,85,87,B
Charlotte Hornets,R. O'Neale,PF,33,76,78,55,70,73,70,84,72,54,52,59,59,75,68,62,75,60,63,49,70,68,80,56,53,38,66,80,68,75,62,83,67,65,80,75,80,85,B
Charlotte Hornets,D. Schröder,PG,33,76,81,25,45,85,74,76,83,25,38,27,37,70,86,84,85,82,82,73,70,34,73,46,40,35,51,72,67,60,84,88,46,74,93,50,90,81,B+
Utah Jazz,L. Markkanen,SF,29,86,80,80,80,96,72,87,90,84,84,86,85,90,65,42,95,67,75,39,90,66,65,41,52,55,66,66,64,65,63,65,70,62,85,70,85,73,A-
Utah Jazz,J. Jackson Jr.,PF,27,86,79,85,80,97,57,80,80,85,85,88,70,75,60,33,80,45,50,38,75,92,80,42,83,40,67,95,71,95,63,80,82,75,90,75,80,76,A
Utah Jazz,K. George,PG,22,84,90,40,65,94,83,83,89,47,49,48,86,85,86,78,90,85,85,74,95,34,65,43,45,32,52,57,58,50,79,78,55,72,84,65,85,84,B+
Utah Jazz,I. Collier,PG,21,80,88,30,75,94,68,73,72,28,41,37,50,55,86,90,95,90,90,87,75,30,62,59,52,32,48,57,57,55,93,88,60,75,89,60,80,83,B+
Utah Jazz,D. Peterson,SG,19,79,83,40,85,81,83,81,83,47,60,55,72,65,86,81,95,69,71,49,65,49,73,69,42,39,49,72,71,60,84,84,57,84,90,65,90,80,A
Utah Jazz,A. Bailey,SG,20,79,71,60,80,97,78,81,77,59,62,60,59,80,75,79,80,66,66,39,90,59,68,42,62,52,52,67,68,60,85,84,61,79,88,75,80,89,A-
Utah Jazz,B. Sensabaugh,SF,22,79,84,35,60,98,79,81,82,57,59,57,57,75,74,62,95,65,63,46,90,50,55,43,42,42,52,55,50,35,65,67,64,70,88,60,70,89,B+
Utah Jazz,K. Filipowski,C,22,78,64,70,70,97,70,76,75,74,72,74,50,70,69,57,85,60,60,61,75,60,55,59,61,65,86,65,57,50,77,57,70,66,85,80,90,90,B+
Utah Jazz,J. Nurkić,C,32,76,65,75,65,97,88,79,55,77,72,77,70,50,40,25,85,70,82,73,60,71,45,73,56,73,93,79,60,70,51,49,90,50,86,25,75,67,B+
Sacramento Kings,D. Sabonis,C,30,85,80,75,75,91,86,70,73,93,93,91,70,85,60,43,98,82,85,70,90,70,49,49,40,75,93,69,45,60,48,49,82,54,95,50,90,68,A-
Sacramento Kings,Z. LaVine,SG,31,82,87,60,94,97,79,85,88,59,66,59,80,70,88,81,80,70,67,42,85,47,61,37,42,27,47,57,38,40,84,82,49,97,98,50,65,71,A-
Sacramento Kings,K. Murray,PF,26,79,77,60,80,97,73,76,78,69,69,69,45,60,70,73,80,65,66,33,75,68,78,43,80,47,62,64,75,75,76,79,60,79,85,60,86,76,A-
Sacramento Kings,M. Raynaud,C,23,79,74,75,75,98,85,72,79,70,70,81,69,75,52,44,90,50,54,34,85,59,32,36,57,64,85,55,52,50,67,52,69,66,85,60,85,93,B
Sacramento Kings,M. Monk,SG,28,79,78,40,75,83,79,83,88,25,62,45,44,75,79,76,95,75,75,70,80,45,60,41,55,31,46,54,57,45,80,80,48,88,88,85,72,81,B
Sacramento Kings,D. Hunter,SF,28,77,77,65,70,94,82,73,87,51,52,51,60,60,70,69,85,67,64,42,70,63,82,38,37,38,63,80,60,80,76,83,65,75,88,50,80,71,B
Sacramento Kings,P. Achiuwa,PF,27,76,79,85,80,94,60,73,56,57,44,42,50,60,49,66,75,36,50,35,65,79,56,56,66,75,78,79,70,75,75,74,78,79,84,35,90,83,B
Sacramento Kings,D. Acuff Jr.,PG,19,75,84,30,80,84,83,83,81,28,32,37,54,50,87,90,85,84,84,82,60,30,61,47,34,32,44,57,54,50,92,92,55,84,89,40,75,80,A
Sacramento Kings,N. Clifford,SF,24,75,77,40,70,83,74,77,69,44,48,49,60,60,74,79,80,65,64,48,75,55,66,53,51,43,58,62,60,55,86,82,62,80,88,55,80,89,B+
New York Knicks,J. Brunson,PG,30,96,98,40,35,95,97,88,84,55,84,72,98,95,96,84,98,96,98,75,98,55,73,38,32,32,48,72,70,75,84,84,60,75,98,90,95,87,A+
New York Knicks,K. Towns,C,30,93,82,85,75,93,78,82,86,92,92,89,80,98,65,66,98,75,79,70,85,71,50,42,57,76,93,79,55,65,76,76,90,70,98,98,90,84,A
New York Knicks,O. Anunoby,SF,29,88,81,60,85,81,76,85,82,38,37,36,69,90,72,71,90,58,52,37,90,89,94,73,62,46,59,94,92,95,81,91,80,85,85,70,85,81,A-
New York Knicks,M. Bridges,SG,30,84,79,40,75,92,89,83,83,55,57,57,60,75,82,72,80,78,88,62,75,69,88,70,63,41,49,82,86,85,80,87,68,85,92,50,95,91,A-
New York Knicks,J. Hart,PF,31,82,87,25,70,94,82,83,72,39,58,42,57,70,79,79,95,73,75,71,75,85,86,56,47,51,82,80,78,80,81,86,74,69,99,70,99,83,B+
New York Knicks,M. McBride,SG,26,78,74,25,65,58,91,86,81,25,58,48,55,80,88,80,80,72,72,52,70,40,81,42,40,37,44,78,74,75,86,86,44,80,85,55,85,76,B
New York Knicks,L. Shamet,SG,29,77,82,35,70,69,82,83,72,30,38,26,69,80,78,82,76,79,79,36,75,25,60,40,45,36,41,57,50,35,85,85,41,80,85,85,81,71,B
New York Knicks,J. Alvarado,PG,28,77,71,25,30,91,74,79,80,35,30,30,40,75,73,75,85,70,71,71,75,31,85,85,37,35,53,85,85,85,76,86,42,78,80,50,79,78,B
New York Knicks,A. Drummond,C,33,76,63,85,80,85,60,79,64,70,45,64,40,50,45,49,85,52,70,36,50,75,52,43,78,94,91,74,70,65,60,58,94,79,75,30,75,77,B+
Los Angeles Lakers,L. Dončić,PG,27,96,97,65,75,98,94,92,78,85,85,87,98,88,95,83,98,95,95,95,98,58,59,66,53,36,82,60,57,45,84,77,72,79,90,85,98,84,A+
Los Angeles Lakers,A. Reaves,SG,28,88,94,25,70,97,69,85,87,31,32,32,89,95,86,78,85,85,85,72,90,35,66,43,51,36,59,64,60,55,83,80,50,81,94,95,80,78,A-
Los Angeles Lakers,W. Kessler,C,25,81,65,85,75,97,74,70,70,74,66,74,51,70,44,35,95,42,48,35,65,84,65,37,93,93,88,88,58,85,37,52,80,60,88,55,90,64,A-
Los Angeles Lakers,C. Sexton,SG,27,79,82,30,75,93,82,84,86,25,38,28,50,70,86,87,75,75,74,71,80,45,67,63,40,36,43,60,60,50,88,88,48,84,95,60,80,81,B+
Los Angeles Lakers,Q. Grimes,SG,26,78,82,25,70,89,70,79,84,39,48,42,72,70,79,79,80,70,75,62,75,46,83,42,51,36,53,80,78,75,86,84,63,75,85,70,80,89,B+
Los Angeles Lakers,S. Mamukelashvili,PF,27,76,72,65,65,90,70,81,75,62,60,63,54,75,59,49,85,62,69,46,80,65,50,53,63,60,71,68,52,45,59,59,76,69,85,60,85,81,B
Los Angeles Lakers,J. Vanderbilt,PF,27,76,71,75,75,58,74,72,62,40,32,50,40,50,65,65,85,60,38,37,40,83,81,63,56,67,79,81,80,80,75,83,70,80,75,50,95,78,B
Los Angeles Lakers,J. LaRavia,SF,24,75,80,60,75,94,55,75,77,60,60,60,69,60,68,57,70,69,68,38,50,78,78,73,56,60,52,77,78,75,59,78,62,72,88,60,85,85,B
Los Angeles Lakers,Z. Williams,SF,25,75,72,65,80,78,68,77,85,48,44,58,50,60,79,82,75,50,54,34,50,60,73,90,55,37,50,70,74,70,87,87,57,82,90,60,80,80,B
Orlando Magic,P. Banchero,PF,23,87,90,75,85,88,82,78,78,80,80,90,96,60,76,74,95,74,84,71,95,68,66,36,55,43,83,64,67,45,80,80,77,83,90,65,85,90,A
Orlando Magic,F. Wagner,SF,25,85,92,55,80,85,90,78,83,57,59,59,95,70,85,68,95,80,84,65,90,56,73,49,50,48,64,74,73,70,70,73,73,75,85,55,85,78,A
Orlando Magic,D. Bane,SG,28,84,89,35,75,93,83,87,92,49,61,56,43,70,80,70,84,74,74,68,95,59,79,42,51,44,49,78,78,70,74,80,56,78,92,70,85,87,B+
Orlando Magic,J. Suggs,PG,25,80,82,40,80,87,83,80,85,39,38,74,50,50,80,86,84,75,77,74,50,55,89,97,63,37,60,84,82,85,88,92,59,90,88,40,85,79,A-
Orlando Magic,A. Black,PG,22,80,85,35,75,82,75,79,73,48,52,52,74,85,86,74,90,80,77,67,85,63,84,66,60,37,53,84,82,80,75,85,58,75,92,65,90,87,B+
Orlando Magic,W. Carter Jr.,C,27,79,79,80,75,86,86,75,81,81,81,81,75,50,50,47,85,56,70,39,60,78,47,41,58,63,78,80,70,70,68,55,82,68,85,50,90,83,B+
Orlando Magic,N. Vučević,C,35,78,69,75,65,97,83,81,81,86,83,85,44,70,35,32,80,77,76,66,60,68,41,37,60,63,85,67,57,45,62,49,85,45,88,50,70,78,B+
Orlando Magic,T. da Silva,SF,25,76,77,60,65,90,49,83,89,69,69,69,55,85,69,59,90,64,68,37,70,64,64,53,51,41,59,58,57,50,85,67,62,67,90,55,85,92,B+
Orlando Magic,G. Bitadze,C,27,74,51,75,65,98,72,69,71,76,68,76,40,55,60,52,70,54,69,46,40,78,25,53,86,91,76,80,40,80,53,37,86,63,80,30,75,79,B
Dallas Mavericks,C. Flagg,SF,19,87,91,65,80,89,87,71,82,70,74,70,84,80,76,75,90,70,70,70,95,81,83,49,63,44,67,82,75,80,83,85,70,77,90,70,90,91,A+
Dallas Mavericks,K. Irving,PG,34,87,97,25,30,91,98,86,92,35,82,54,75,65,99,83,96,80,80,70,95,32,67,53,51,43,51,67,75,55,83,85,37,81,89,30,87,53,A
Dallas Mavericks,N. Marshall,SF,28,79,91,45,70,97,70,71,77,57,58,58,86,75,74,62,95,75,75,63,85,52,60,49,30,41,60,62,64,40,62,65,67,75,85,55,70,83,B
Dallas Mavericks,P.J. Washington,PF,28,79,70,65,80,87,73,75,69,68,63,63,44,70,70,63,95,55,60,35,50,78,79,43,70,51,72,80,78,80,75,80,70,69,85,65,85,80,B+
Dallas Mavericks,D. Gafford,C,27,79,73,85,75,91,65,29,68,69,67,67,57,70,35,44,70,37,37,33,50,84,57,46,83,81,79,83,50,80,75,70,80,80,75,50,89,76,B+
Dallas Mavericks,D. Lively II,C,22,79,82,85,83,97,60,52,64,59,54,59,40,80,52,40,90,69,68,61,50,83,57,38,90,78,80,80,54,80,50,57,74,67,80,50,95,57,A-
Dallas Mavericks,S. Aldama,PF,25,78,79,70,65,97,80,80,67,72,71,72,50,70,68,54,95,70,70,62,85,67,66,43,62,55,73,74,68,65,59,60,74,59,80,50,80,77,B
Dallas Mavericks,Z. Risacher,SF,21,76,77,55,70,90,65,81,64,55,56,56,54,70,79,68,95,68,67,32,70,57,79,53,62,49,59,79,79,75,70,82,56,67,91,55,85,86,A-
Dallas Mavericks,M. Christie,SG,23,75,71,35,80,75,81,84,89,39,42,42,41,65,70,78,90,68,66,38,75,44,80,36,50,29,52,77,75,75,87,87,55,82,98,45,85,91,B
Brooklyn Nets,M. Porter Jr.,SF,28,85,92,60,80,89,79,87,86,50,74,68,55,70,78,77,80,65,62,66,90,60,64,46,42,47,80,60,68,40,80,81,70,88,88,70,80,78,A-
Brooklyn Nets,J. Randle,PF,31,83,91,85,80,91,79,76,76,86,79,86,82,70,80,68,85,70,75,67,80,77,73,46,40,52,67,73,52,75,73,76,87,69,95,40,90,84,A-
Brooklyn Nets,E. Dëmin,SG,20,76,83,45,65,89,60,82,83,52,51,55,57,60,86,70,90,84,85,70,75,47,65,46,51,34,60,60,67,60,70,75,60,74,88,60,90,78,A-
Brooklyn Nets,N. Clowney,PF,22,76,67,80,80,88,43,78,80,60,59,60,65,95,59,57,85,57,68,38,80,68,57,42,62,41,64,67,66,55,64,64,64,75,90,88,85,83,B+
Brooklyn Nets,N. Traore,PG,20,76,78,30,70,83,57,74,77,42,44,69,62,70,86,85,81,79,80,73,80,44,60,49,56,31,45,57,60,40,85,85,56,74,92,70,80,88,B+
Brooklyn Nets,K. Ellis,SF,26,76,77,25,65,95,60,80,72,27,40,38,54,50,74,77,85,64,65,31,40,58,84,93,70,39,42,82,87,85,81,84,54,79,85,45,80,88,B+
Brooklyn Nets,D. Wolf,PF,22,75,72,70,70,75,70,75,77,69,69,67,69,70,69,47,95,69,75,65,75,58,55,41,63,51,83,52,50,45,47,52,67,57,90,75,85,82,B+
Brooklyn Nets,D. Sharpe,C,24,75,78,75,70,90,74,69,68,48,35,48,44,65,58,38,70,62,66,70,65,69,60,88,61,92,86,69,55,60,61,61,82,73,80,30,95,79,B
Brooklyn Nets,M. Brown Jr.,PG,20,74,82,35,80,82,80,80,84,47,48,48,60,60,86,81,85,79,79,74,50,45,63,66,30,30,45,57,60,50,82,82,51,80,85,60,80,80,A-
Denver Nuggets,N. Jokić,C,31,97,94,75,75,99,98,85,83,94,95,98,98,85,76,60,90,93,98,99,98,83,61,56,61,73,97,83,82,80,63,62,96,63,97,65,80,81,A+
Denver Nuggets,J. Murray,PG,29,89,90,30,82,89,90,88,89,38,46,74,75,90,89,79,84,84,85,76,90,35,77,40,50,32,55,74,70,70,80,80,54,80,95,90,85,85,A-
Denver Nuggets,D. DeRozan,SF,37,83,89,55,80,97,95,73,87,65,95,91,50,70,83,77,85,73,75,70,90,58,64,46,45,33,47,64,59,55,79,80,73,88,88,25,80,83,A-
Denver Nuggets,A. Gordon,PF,31,83,79,85,94,75,74,82,76,58,60,74,85,75,62,66,95,65,60,49,70,80,84,38,47,55,67,84,82,80,71,84,79,92,95,70,95,68,B+
Denver Nuggets,C. Johnson,SF,30,80,78,60,60,75,71,89,84,69,69,69,64,85,59,43,57,59,66,40,75,65,69,40,51,40,51,64,68,65,70,70,60,79,85,85,86,75,B+
Denver Nuggets,C. Braun,SG,25,79,85,25,85,97,67,78,79,25,55,36,69,60,69,74,90,69,74,44,75,40,79,37,45,51,53,78,80,80,83,83,60,83,93,75,95,83,B+
Denver Nuggets,M. Bagley III,C,27,76,75,70,75,94,79,75,65,78,78,78,50,60,62,64,70,47,60,42,75,58,49,38,70,86,75,60,65,40,73,74,82,86,85,30,80,73,B
Denver Nuggets,J. Strawther,SF,24,75,79,35,70,96,70,80,81,40,40,40,67,65,74,57,95,64,65,38,70,44,74,43,40,34,57,68,68,65,63,70,53,64,90,55,75,80,B+
Denver Nuggets,T. Jones,PG,30,73,89,25,30,88,78,70,89,28,40,35,70,70,86,69,78,84,88,67,40,30,67,66,35,31,41,60,80,50,71,71,34,57,92,60,87,81,B
Indiana Pacers,T. Haliburton,PG,26,90,94,40,65,98,90,87,86,42,49,40,62,85,90,83,95,97,96,95,80,60,77,63,56,35,49,78,75,75,83,84,59,70,95,68,95,64,A
Indiana Pacers,P. Siakam,PF,32,87,92,80,80,97,75,80,69,89,89,91,78,75,79,69,90,72,79,69,85,85,79,46,50,47,69,86,82,80,76,78,70,79,95,65,80,84,A-
Indiana Pacers,I. Zubac,C,29,84,83,85,80,97,76,26,71,97,78,91,55,65,35,30,80,70,47,44,75,88,63,33,67,85,88,90,67,95,43,63,90,75,80,30,85,76,B+
Indiana Pacers,A. Nembhard,PG,26,81,79,39,60,92,79,82,83,44,52,47,41,85,79,74,75,80,80,83,60,68,86,42,35,32,46,85,84,85,76,88,46,71,85,75,69,87,B+
Indiana Pacers,A. Nesmith,SF,26,79,74,35,55,90,70,82,83,53,57,57,78,85,70,64,85,69,65,38,70,72,76,36,55,43,53,76,57,75,78,76,67,79,87,50,85,72,B
Indiana Pacers,K. Oubre Jr.,SF,30,79,83,40,84,91,83,82,76,45,53,52,70,65,74,69,88,73,75,34,80,49,74,56,53,42,60,70,75,55,72,82,58,95,90,40,75,74,B
Indiana Pacers,T.J. McConnell,PG,34,79,80,25,25,98,89,75,86,44,58,38,40,75,79,73,79,92,92,97,60,49,82,86,47,36,54,70,87,80,76,82,44,65,85,65,92,74,B
Indiana Pacers,O. Toppin,PF,28,78,88,85,90,98,53,75,85,67,67,69,60,60,60,56,90,55,59,70,60,66,48,43,32,41,83,62,47,40,70,69,74,90,88,75,70,65,B+
Indiana Pacers,J. Walker,SF,23,78,72,70,85,82,74,81,75,57,58,58,40,75,62,70,80,69,68,53,80,67,62,43,51,37,75,60,62,60,81,81,83,90,90,65,80,88,B+
New Orleans Pelicans,T. Murphy III,SG,26,85,81,65,88,84,74,85,89,42,44,43,82,95,64,74,80,59,64,63,90,69,69,59,50,39,62,69,59,65,84,76,70,82,85,90,85,88,A-
New Orleans Pelicans,Z. Williamson,PF,26,85,86,85,93,83,79,67,72,90,80,85,85,70,78,74,95,65,72,66,85,59,55,46,56,61,59,64,70,40,84,81,92,97,83,40,95,76,A
New Orleans Pelicans,D. Murray,PG,30,82,90,40,75,97,84,74,87,40,48,49,61,80,86,83,95,82,82,81,85,53,83,86,42,30,76,80,81,80,83,85,52,60,90,60,90,60,A-
New Orleans Pelicans,S. Bey,SF,27,80,84,45,75,87,64,82,84,63,64,90,88,70,76,57,95,64,75,46,90,64,69,42,32,53,60,67,65,65,63,72,80,70,81,35,90,83,B+
New Orleans Pelicans,H. Jones,SF,27,79,60,55,75,65,75,73,81,62,62,62,55,40,75,69,85,65,75,49,30,85,90,83,56,41,49,90,88,85,74,91,72,72,82,30,85,75,B+
New Orleans Pelicans,D. Queen,PF,21,79,82,65,70,85,71,66,79,78,78,78,75,75,69,52,90,79,82,70,75,69,52,59,73,60,83,68,62,60,54,54,83,62,85,45,80,94,A-
New Orleans Pelicans,B. Mathurin,SG,24,79,77,35,80,83,79,76,87,55,58,55,67,75,79,81,90,75,82,42,85,42,69,40,42,44,66,65,62,50,84,84,54,82,92,65,85,85,B+
New Orleans Pelicans,J. Fears,PG,19,79,82,40,70,73,75,79,79,40,41,40,79,75,88,90,85,78,79,69,75,38,62,63,53,39,56,62,60,60,93,88,49,75,85,70,85,94,A-
New Orleans Pelicans,Y. Missi,C,22,75,60,85,80,78,42,30,56,62,50,58,40,70,35,45,90,29,37,36,45,75,48,35,92,91,67,70,45,60,78,67,72,85,80,45,95,87,B+
Detroit Pistons,C. Cunningham,PG,25,94,94,40,75,94,97,86,81,70,84,85,95,80,90,83,98,92,95,94,98,63,83,63,65,38,63,82,76,80,83,84,67,80,94,70,95,85,A
Detroit Pistons,A. Thompson,SF,23,85,82,60,91,88,57,70,57,45,46,45,43,30,78,86,80,70,70,62,25,89,97,98,73,67,65,97,97,95,94,96,76,98,95,40,95,86,A-
Detroit Pistons,J. Duren,C,22,85,84,80,90,96,70,35,70,85,62,94,47,70,59,59,70,59,50,41,60,89,62,42,70,90,94,89,88,85,73,68,96,84,89,40,80,89,A-
Detroit Pistons,D. Robinson,SG,32,79,78,30,70,97,79,93,76,40,44,35,54,75,72,56,90,66,70,40,85,50,67,37,51,33,47,64,65,60,59,67,35,72,85,80,75,81,B
Detroit Pistons,J. Collins,PF,29,79,84,85,90,97,74,83,78,76,76,90,40,65,60,50,80,58,58,31,40,70,49,46,66,57,64,70,38,50,71,65,75,85,92,60,85,80,B+
Detroit Pistons,D. Jenkins,PG,25,79,80,30,60,76,84,83,82,36,36,28,72,80,86,74,85,80,85,72,60,32,69,63,50,45,46,69,75,65,75,75,45,70,85,75,80,86,B
Detroit Pistons,I. Joe,SG,27,78,86,40,60,96,92,87,89,35,38,30,85,65,74,63,85,67,69,36,85,42,69,46,42,37,50,61,52,55,72,77,47,79,80,30,75,80,B
Detroit Pistons,P. Reed,C,27,77,82,80,75,98,74,76,65,70,70,70,64,60,52,41,75,48,44,50,70,69,43,91,90,92,76,66,58,40,49,52,86,65,80,65,80,82,B
Detroit Pistons,K. Huerter,SG,28,75,85,30,65,94,67,79,77,25,60,35,50,45,79,72,90,74,76,62,75,44,64,53,58,37,61,58,57,50,84,73,50,75,85,70,80,83,B
Toronto Raptors,K. Leonard,SF,35,93,91,55,80,98,94,88,90,65,88,89,84,90,86,79,98,79,82,70,95,81,89,93,52,45,72,91,90,90,82,89,79,79,85,50,85,72,A+
Toronto Raptors,S. Barnes,PF,25,88,89,80,80,97,87,77,81,70,72,87,86,70,79,77,95,82,88,80,90,90,91,63,81,57,73,91,90,95,82,82,78,92,88,55,95,94,A
Toronto Raptors,I. Quickley,PG,27,82,87,40,55,91,88,82,82,50,51,45,60,85,86,76,98,80,80,73,95,37,80,56,30,34,56,78,64,75,82,82,54,79,89,50,85,83,B+
Toronto Raptors,R.J. Barrett,SG,26,82,88,45,80,89,79,79,71,52,55,79,80,70,83,82,85,79,84,65,80,58,81,40,50,41,67,79,74,75,84,84,76,82,95,55,80,84,A-
Toronto Raptors,C. Murray-Boyles,C,21,80,84,55,75,94,70,76,65,65,65,65,67,70,74,74,85,67,70,43,70,72,74,79,80,81,58,70,68,65,83,86,70,75,85,85,95,78,B+
Toronto Raptors,J. Poeltl,C,30,79,78,75,60,97,79,45,63,84,79,84,60,65,38,31,85,69,62,44,60,81,45,46,67,77,80,79,67,80,51,37,81,57,80,55,80,72,B
Toronto Raptors,J. Walter,SG,22,76,76,35,75,84,78,82,83,49,50,50,45,85,70,79,80,69,69,34,75,47,66,76,47,47,50,59,55,50,89,82,57,76,88,70,85,84,B+
Toronto Raptors,J. Shead,PG,24,76,72,25,50,72,51,74,78,30,31,30,40,85,86,88,80,84,86,75,70,34,77,63,45,33,43,67,60,50,93,94,49,74,88,65,95,91,B
Toronto Raptors,J. Battle,SF,25,74,71,40,65,94,85,85,83,50,52,50,49,50,62,57,80,52,51,32,75,58,58,35,42,46,65,52,54,40,64,58,55,65,80,45,70,83,B
Houston Rockets,K. Durant,SF,38,93,96,60,85,98,97,92,88,74,89,86,85,80,92,77,98,78,88,70,95,70,77,38,62,33,62,75,75,75,78,78,63,77,94,40,90,82,A+
Houston Rockets,A. Şengün,C,24,87,82,70,80,94,72,74,69,94,95,96,75,85,62,48,95,79,84,74,90,72,63,56,70,69,74,69,85,65,52,64,90,69,88,70,90,91,A-
Houston Rockets,A. Thompson,SG,23,86,85,60,96,89,66,56,78,44,48,44,44,65,86,93,95,80,80,70,60,78,93,59,55,67,61,92,90,95,96,93,70,99,95,65,85,95,A-
Houston Rockets,J. Smith Jr.,PF,23,80,72,75,85,93,79,83,78,79,79,79,54,70,75,69,85,65,66,34,85,70,69,38,63,48,67,67,67,55,76,76,70,75,89,55,85,93,A-
Houston Rockets,F. VanVleet,PG,32,79,70,25,35,75,82,78,81,30,32,28,55,80,86,83,98,84,85,70,60,27,80,66,51,33,49,79,74,80,83,80,52,75,95,80,94,56,B+
Houston Rockets,R. Sheppard,PG,22,79,75,25,70,88,83,84,81,44,45,40,52,70,79,84,90,79,79,68,75,54,78,86,62,32,51,70,77,70,88,89,56,87,93,50,95,91,B+
Houston Rockets,M. Smart,SF,32,79,70,25,50,82,78,79,82,25,58,78,27,70,74,74,70,75,75,48,60,74,86,80,51,37,46,86,85,85,75,89,73,83,89,40,90,73,B+
Houston Rockets,T. Eason,SF,25,78,79,35,80,75,54,80,75,54,52,51,44,60,70,72,80,50,47,35,40,78,85,70,56,67,69,84,85,80,80,85,70,80,85,30,85,79,B+
Houston Rockets,C. Capela,C,32,74,63,80,75,75,50,25,60,64,48,64,34,45,48,30,70,34,35,33,30,83,47,56,89,97,80,86,74,80,58,51,82,68,78,25,75,78,A-
San Antonio Spurs,V. Wembanyama,C,22,97,86,95,85,92,84,80,83,89,89,87,97,95,76,64,98,72,84,65,98,97,80,59,99,73,98,97,84,98,66,69,70,72,97,95,98,84,A+
San Antonio Spurs,S. Castle,SG,21,87,92,40,88,91,77,79,73,59,66,66,84,85,83,80,85,84,85,79,95,84,90,53,47,51,58,90,88,90,82,93,70,72,90,70,90,89,A-
San Antonio Spurs,D. Harper,PG,20,85,93,30,86,93,93,79,74,34,48,45,79,90,90,86,95,75,78,72,90,52,70,69,52,43,55,70,68,65,88,89,61,83,90,55,85,85,A
San Antonio Spurs,D. Fox,PG,28,84,95,25,80,98,90,78,76,25,60,27,50,65,87,97,90,85,85,74,90,34,84,56,42,35,52,82,82,80,97,93,46,84,96,40,90,83,A
San Antonio Spurs,D. Vassell,SF,26,81,78,40,60,80,92,87,82,51,65,65,44,50,82,65,80,76,79,42,75,62,80,41,51,35,54,81,85,80,72,80,60,77,89,50,85,85,B+
San Antonio Spurs,T. Harris,PF,34,81,79,65,75,97,84,82,87,70,70,86,68,60,79,56,95,77,78,48,80,67,68,46,55,41,68,66,64,60,75,67,73,79,97,60,73,80,B+
San Antonio Spurs,J. Champagnie,PF,25,79,80,40,60,79,78,87,84,43,44,52,69,90,68,65,85,66,64,33,80,45,75,42,53,42,71,70,67,70,69,75,67,67,85,70,75,93,B
San Antonio Spurs,K. Johnson,SG,26,79,87,65,75,97,83,82,80,59,62,62,61,60,79,73,95,74,74,36,70,67,73,38,35,62,67,69,64,65,76,78,70,71,90,60,95,87,B+
San Antonio Spurs,L. Kornet,C,31,76,65,75,60,85,66,70,82,78,78,78,58,80,43,33,85,50,60,42,75,74,32,37,81,90,68,76,54,70,38,37,75,62,85,40,85,75,B
Phoenix Suns,D. Booker,SG,29,91,95,30,75,96,94,86,87,74,79,84,87,85,92,83,98,80,80,75,95,58,75,40,45,36,52,74,74,65,83,80,64,79,95,60,95,83,A+
Phoenix Suns,D. Brooks,SF,30,82,73,35,75,97,80,80,86,55,66,82,69,65,70,69,85,59,58,37,80,77,88,76,37,38,51,87,88,85,75,88,73,75,88,55,95,78,B+
Phoenix Suns,J. Green,SG,24,81,84,40,91,76,87,79,76,56,56,56,70,70,86,84,95,77,79,68,75,45,64,66,37,36,61,60,54,55,88,88,55,92,88,60,85,79,A-
Phoenix Suns,M. Bridges,PF,28,80,85,60,88,89,57,80,83,84,84,85,89,70,76,71,95,69,74,61,95,60,59,37,52,42,68,62,68,45,75,76,84,85,93,25,80,88,B+
Phoenix Suns,C. Gillespie,PG,27,79,80,40,54,93,76,86,87,31,46,40,67,80,79,82,75,82,84,71,90,33,62,63,42,45,55,60,58,55,82,82,47,72,85,70,80,83,B
Phoenix Suns,M. Williams,C,24,78,76,85,75,97,60,36,77,60,60,60,55,65,35,32,85,44,64,32,85,75,44,56,76,90,84,74,60,60,65,64,86,75,75,25,88,75,B+
Phoenix Suns,O. Ighodaro,C,24,75,73,80,80,97,60,35,46,60,59,59,37,70,60,65,80,58,59,55,70,62,47,59,67,65,69,62,57,45,86,74,66,90,85,70,85,91,B
Phoenix Suns,J. Goodwin,PG,27,75,75,25,35,79,75,80,70,33,43,48,66,75,78,73,90,78,78,53,75,57,76,96,47,68,63,75,78,75,75,84,60,55,80,65,95,81,B
Phoenix Suns,L. Kennard,SG,30,75,72,30,60,98,82,93,93,28,35,32,49,65,75,66,80,74,74,46,70,35,51,42,37,35,48,50,50,40,69,68,40,60,92,70,70,79,B
Oklahoma City Thunder,S. Gilgeous-Alexander,PG,28,97,98,40,75,97,99,82,88,76,90,86,98,80,96,87,98,97,98,85,98,69,86,70,62,34,54,89,95,85,88,86,66,85,98,60,90,84,A+
Oklahoma City Thunder,C. Holmgren,PF,24,86,86,75,75,92,87,79,80,79,79,79,85,70,65,67,95,60,59,36,80,95,75,67,89,61,86,92,78,90,75,75,45,75,87,50,90,87,A
Oklahoma City Thunder,J. Williams,SF,25,85,86,25,80,87,79,77,83,67,67,66,54,60,86,83,87,78,78,74,70,85,88,66,50,41,61,88,90,90,86,92,73,83,90,50,90,78,A
Oklahoma City Thunder,I. Hartenstein,C,28,82,80,90,80,96,79,55,59,74,64,70,72,65,56,42,75,50,60,70,75,83,41,63,71,95,88,80,54,80,62,62,89,70,80,35,95,72,B+
Oklahoma City Thunder,A. Mitchell,PG,24,82,94,35,70,95,79,79,87,30,37,38,79,80,82,79,80,74,75,69,90,43,77,70,52,40,52,78,75,75,83,80,53,65,87,60,75,76,B+
Oklahoma City Thunder,C. Wallace,SG,22,81,82,25,70,70,73,81,80,31,37,37,57,65,78,75,95,75,75,49,70,72,93,98,52,42,47,89,93,95,75,91,55,72,90,50,85,91,B+
Oklahoma City Thunder,A. Caruso,SF,32,81,76,35,75,88,82,80,80,30,43,29,40,70,78,82,85,75,75,57,50,51,90,97,56,41,56,90,90,85,82,94,68,72,85,50,85,69,B+
Oklahoma City Thunder,J. McCain,PG,22,78,78,30,70,83,77,84,87,37,38,38,60,90,86,75,85,73,73,42,80,45,63,43,35,36,52,60,60,55,76,76,52,68,85,90,80,78,A-
Oklahoma City Thunder,J. Williams,C,24,77,77,75,75,83,85,82,79,69,67,68,67,80,59,38,75,70,74,62,75,68,54,40,72,39,87,67,57,55,50,57,70,62,78,60,90,81,B
Minnesota Timberwolves,A. Edwards,SG,25,95,97,50,97,96,89,92,80,70,84,84,95,85,92,90,98,79,80,65,98,59,85,56,61,34,60,84,84,85,94,90,67,97,97,65,90,91,A+
Minnesota Timberwolves,L. Ball,PG,25,86,81,45,75,83,76,87,89,52,58,52,70,75,95,84,98,93,93,90,90,45,70,63,42,42,65,79,89,75,84,84,50,79,93,60,89,82,A
Minnesota Timberwolves,J. McDaniels,SF,26,85,85,40,75,94,89,85,84,52,56,54,67,70,78,70,85,44,40,46,75,87,91,49,67,42,51,90,90,90,79,91,68,80,85,75,85,91,A-
Minnesota Timberwolves,R. Gobert,C,34,84,57,85,75,80,54,29,53,65,58,65,70,75,35,25,85,68,58,33,40,96,64,40,82,90,87,95,74,95,48,65,87,57,90,70,95,83,A-
Minnesota Timberwolves,A. Dosunmu,SG,26,81,89,25,75,89,90,86,87,35,50,42,64,65,79,73,80,72,79,70,80,38,69,43,47,38,52,68,69,65,76,78,59,75,85,55,75,89,B+
Minnesota Timberwolves,J. Kuminga,PF,23,78,86,65,85,92,49,79,72,49,60,60,79,70,67,75,85,69,68,60,80,73,73,40,52,57,78,70,69,50,84,84,73,90,88,50,80,80,B+
Minnesota Timberwolves,D. DiVincenzo,PG,29,78,85,25,75,84,88,84,76,28,45,38,52,80,79,81,70,77,79,64,80,58,82,59,51,40,54,84,88,80,85,87,60,95,90,45,85,83,B
Minnesota Timberwolves,T. Shannon Jr.,SF,26,75,83,40,85,60,76,82,77,47,52,48,64,60,79,84,85,68,68,35,70,49,72,42,30,36,45,62,57,50,87,87,67,83,90,45,75,71,B+
Minnesota Timberwolves,N. Hyland,PG,26,74,82,25,60,75,88,82,78,30,32,32,69,60,79,84,85,74,75,71,70,30,66,49,51,35,47,64,63,55,87,87,32,68,88,40,85,85,B+
Portland Trail Blazers,D. Avdija,SF,25,88,88,40,75,85,89,75,80,62,59,59,80,90,78,69,85,79,79,77,90,62,80,38,56,43,74,78,77,80,75,81,74,79,89,80,95,89,A-
Portland Trail Blazers,D. Lillard,PG,36,86,86,25,85,82,95,93,93,30,38,42,62,55,89,83,98,84,84,75,90,31,69,46,37,33,54,72,77,60,83,87,63,89,97,45,95,54,A
Portland Trail Blazers,J. Morant,PG,27,84,89,25,96,81,79,70,90,54,54,54,90,50,92,95,98,87,85,89,85,49,72,49,40,32,51,79,78,75,95,95,52,97,97,25,75,62,A+
Portland Trail Blazers,D. Clingan,C,22,82,65,85,75,94,78,75,67,72,54,69,69,85,46,38,75,55,62,43,70,89,49,37,86,94,90,82,58,80,44,45,80,60,82,75,75,88,A-
Portland Trail Blazers,J. Holiday,PG,36,82,85,25,65,91,81,83,83,30,72,40,40,70,79,78,98,80,80,77,65,66,89,80,32,48,55,89,89,85,78,90,62,68,80,35,92,74,A-
Portland Trail Blazers,S. Sharpe,SG,23,81,86,40,95,83,77,80,78,35,37,33,82,60,83,84,88,67,67,61,85,49,69,73,32,45,57,65,75,45,87,89,50,96,94,55,85,81,A-
Portland Trail Blazers,T. Camara,PF,26,80,82,60,75,86,60,83,70,55,55,55,32,55,65,58,85,68,67,41,40,87,91,82,51,50,55,92,90,95,63,89,78,78,88,50,95,96,B+
Portland Trail Blazers,S. Henderson,PG,22,79,81,35,88,74,82,79,84,44,44,44,40,80,86,88,95,79,77,72,80,41,66,43,50,38,49,65,67,50,89,89,53,90,95,75,80,68,A-
Portland Trail Blazers,R. Williams III,C,28,78,84,80,75,98,69,74,62,60,50,65,37,30,48,38,75,57,62,37,35,85,78,46,95,91,91,88,85,85,71,64,83,75,80,25,90,66,B+
Golden State Warriors,S. Curry,PG,38,93,95,25,36,98,94,99,93,35,52,35,78,75,97,83,98,89,90,74,98,30,69,49,51,32,53,70,68,65,83,84,48,73,98,65,85,70,A+
Golden State Warriors,J. Butler,SF,37,85,87,40,75,90,90,76,86,80,80,80,87,40,86,79,98,85,89,72,80,80,86,66,40,65,53,89,88,85,82,92,76,82,97,45,98,67,A
Golden State Warriors,K. Porziņģis,C,31,81,77,85,75,93,90,80,84,81,84,85,47,65,68,56,85,50,40,64,80,75,56,40,84,52,68,74,60,55,66,65,74,78,80,30,70,68,A-
Golden State Warriors,D. Green,PF,36,79,73,55,65,78,75,75,69,50,51,51,30,30,78,69,80,80,84,73,25,93,88,79,61,41,74,95,84,95,73,84,85,66,85,35,90,78,A-
Golden State Warriors,B. Podziemski,PG,23,79,89,35,60,94,79,83,78,54,55,55,75,75,84,81,85,69,68,69,90,45,63,56,40,42,68,62,72,45,82,82,54,78,89,55,85,93,B+
Golden State Warriors,G. Santos,SF,24,78,84,50,65,96,69,80,73,59,59,59,45,70,69,69,80,69,69,64,80,66,69,63,55,54,65,70,57,50,73,72,50,74,80,65,75,86,B
Golden State Warriors,A. Horford,C,40,77,65,70,65,92,79,80,85,76,79,79,37,55,50,33,84,79,84,64,50,82,68,46,84,50,77,85,78,85,53,67,88,69,95,30,85,66,B+
Golden State Warriors,M. Moody,SF,24,76,85,40,70,82,73,86,77,44,48,49,70,55,74,70,80,65,64,37,70,68,71,53,60,42,52,69,60,65,73,77,68,70,88,45,80,83,B
Golden State Warriors,D. Melton,SG,28,76,74,25,70,88,72,70,83,25,58,48,49,70,79,74,95,74,74,63,80,48,82,97,55,45,54,82,82,80,76,81,54,75,80,65,85,69,B
Washington Wizards,A. Davis,PF,33,90,81,90,85,91,80,70,73,85,89,85,87,70,75,67,85,60,72,60,85,90,80,53,82,74,87,90,88,90,79,78,92,86,87,60,85,65,A
Washington Wizards,T. Young,PG,28,87,94,25,30,94,92,85,83,28,60,34,94,70,95,84,80,92,92,92,95,31,55,49,32,29,43,58,70,30,84,84,50,78,95,55,75,64,A
Washington Wizards,A. Sarr,C,21,83,80,90,85,84,71,76,69,60,62,64,78,80,73,66,80,65,66,62,80,78,72,41,96,66,77,80,82,80,73,72,70,77,80,85,85,78,A-
Washington Wizards,K. George,PF,22,80,82,40,60,83,79,82,80,59,58,59,30,85,74,60,95,66,66,71,90,70,70,46,67,41,65,71,70,60,64,74,60,72,90,85,85,80,B+
Washington Wizards,A. Dybantsa,SF,19,79,80,60,85,83,82,74,77,60,60,60,69,65,79,80,95,66,66,49,65,59,70,55,40,57,60,64,54,55,87,83,69,92,87,65,80,83,A
Washington Wizards,B. Coulibaly,SF,22,78,78,60,85,65,70,73,75,50,50,50,50,75,72,64,80,69,72,52,50,67,80,76,71,41,62,78,78,75,82,85,63,85,92,55,80,81,A-
Washington Wizards,D. Ayton,C,28,78,79,90,75,98,85,63,63,82,78,82,58,60,61,55,82,53,70,29,40,76,49,38,72,77,83,75,64,70,75,65,85,82,75,25,50,81,B+
Washington Wizards,T. Johnson,SG,20,78,75,50,75,81,98,82,87,42,44,75,55,65,86,76,95,66,67,47,65,41,62,38,51,35,51,60,62,55,77,82,58,86,86,70,80,81,A-
Washington Wizards,W. Riley,PF,20,78,82,30,70,88,68,76,80,59,66,59,79,85,70,74,95,66,68,45,95,60,62,46,35,43,49,65,57,50,82,65,59,67,85,60,85,92,B+
