Team,Name,Position,Age,Player Rating,Shot Tendency,Touches Tendency,Shot Close Tendency,Shot Under Basket Tendency,Shot Close Left Tendency,Shot Close Middle Tendency,Shot Close Right Tendency,Shot Mid-Range Tendency,Spot Up Shot Mid-Range Tendency,Off Screen Shot Mid-Range Tendency,Shot Mid-Range Left Tendency,Shot Mid-Range Left-Center Tendency,Shot Mid-Range Center Tendency,Shot Mid-Range Right-Center Tendency,Shot Mid-Range Right Tendency,Shot Three Tendency,Spot Up Shot Three Tendency,Off Screen Shot Three Tendency,Shot Three Left Tendency,Shot Three Left-Center Tendency,Shot Three Center Tendency,Shot Three Right-Center Tendency,Shot Three Right Tendency,Contested Jumper Mid-Range Tendency,Contested Jumper Three Tendency,Stepback Jumper Mid-Range Tendency,Stepback Jumper Three Tendency,Spin Jumper Tendency,Transition Pull Up Three Tendency,Drive Pull Up Mid-Range Tendency,Drive Pull Up Three Tendency,Drive Tendency,Spot Up Drive Tendency,Off Screen Drive Tendency,Use Glass Tendency,Step Through Shot Tendency,Spin Layup Tendency,Euro Step Layup Tendency,Hop Step Layup Tendency,Floater Tendency,Standing Dunk Tendency,Driving Dunk Tendency,Flashy Dunk Tendency,Alley-Oop Tendency,Putback Tendency,Crash Tendency,Drive Right Tendency,Triple Threat Pump Fake Tendency,Triple Threat Jab Step Tendency,Triple Threat Idle Tendency,Triple Threat Shoot Tendency,Setup With Sizeup Tendency,Setup With Hesitation Tendency,No Setup Dribble Tendency,Driving Crossover Tendency,Driving Double Crossover Tendency,Driving Spin Tendency,Driving Half Spin Tendency,Driving Step Back Tendency,Driving Behind The Back Tendency,Driving Dribble Hesitation Tendency,Driving In And Out Tendency,No Driving Dribble Move Tendency,Attack Strong On Drive Tendency,Dish To Open Man Tendency,Flashy Pass Tendency,Alley-Oop Pass Tendency,Roll Vs. Pop Tendency,Transition Spot Up Vs. Cut To Basket Tendency,Isolation Vs. Elite Defender Tendency,Isolation Vs. Good Defender Tendency,Isolation Vs. Average Defender Tendency,Isolation Vs. Poor Defender Tendency,Play Discipline Tendency,Post Up Tendency,Post Back Down Tendency,Post Aggressive Backdown Tendency,Post Face Up Tendency,Post Spin Tendency,Post Drive Tendency,Post Drop Step Tendency,Shoot From Post Tendency,Post Hook Left Tendency,Post Hook Right Tendency,Post Fade Left Tendency,Post Fade Right Tendency,Post Shimmy Shot Tendency,Post Hop Shot Tendency,Post Step Back Shot Tendency,Post Up And Under Tendency,Take Charge Tendency,Foul Tendency,Hard Foul Tendency,Pass Interception Tendency,On-Ball Steal Tendency,Block Shot Tendency,Contest Shot Tendency
Philadelphia 76ers,T. Maxey,PG,25,92,95,95,52,54,10,45,45,11,45,45,6,15,34,35,10,78,85,65,10,28,29,24,9,40,70,40,60,30,35,70,75,95,25,30,10,30,75,85,60,65,0,60,5,25,30,0,60,50,50,10,35,40,50,10,25,5,10,10,45,5,55,5,55,90,35,25,35,10,50,40,50,75,90,40,0,0,0,0,5,5,0,10,0,0,15,15,0,0,0,0,5,42,15,50,85,20,35
Philadelphia 76ers,J. Brown,SG,29,91,95,85,40,61,30,45,25,13,55,55,19,12,31,13,25,63,60,50,25,26,15,16,18,40,50,25,30,0,25,90,75,95,60,30,5,45,60,85,75,30,50,85,75,40,35,30,45,60,25,15,40,30,45,25,75,15,45,15,45,30,60,15,40,90,20,20,30,45,25,40,50,75,90,40,45,85,60,30,5,35,0,40,0,0,45,30,0,0,0,0,5,56,85,60,85,25,50
Philadelphia 76ers,L. James,PF,41,91,85,99,38,79,47,37,16,13,60,50,24,30,17,19,10,52,75,50,20,27,25,15,13,25,35,30,50,40,15,50,70,95,30,30,15,15,85,50,70,15,50,75,45,45,35,20,40,40,50,10,35,35,25,40,60,5,30,15,30,30,45,15,70,90,35,75,40,55,15,50,60,80,90,35,50,95,80,25,15,25,25,40,0,0,50,85,40,30,55,30,10,22,35,60,75,20,45
Philadelphia 76ers,J. Embiid,C,32,91,95,99,86,68,22,51,27,42,85,50,3,24,54,19,0,38,50,30,9,20,52,15,4,80,35,40,10,60,10,60,30,90,50,5,5,45,60,70,40,15,80,70,75,30,60,60,50,50,40,10,50,65,20,10,60,0,40,20,20,20,80,20,70,90,15,15,15,75,35,15,30,65,90,40,99,80,80,35,75,25,30,85,75,25,40,60,50,30,40,50,5,62,40,55,50,60,99
Philadelphia 76ers,V.J. Edgecombe,SG,21,83,75,75,27,27,13,67,20,15,30,30,9,9,40,18,24,69,60,50,11,20,29,30,10,15,45,50,45,20,0,50,40,75,20,25,5,30,60,60,45,35,0,75,30,30,30,65,60,45,45,20,15,30,50,20,20,0,10,0,15,10,25,5,70,85,30,25,5,15,15,5,15,30,50,65,0,0,65,0,5,5,0,10,0,0,15,15,0,0,0,0,30,64,5,99,75,10,50
Philadelphia 76ers,A. Simons,SG,27,79,70,90,45,37,25,49,26,17,45,50,12,15,24,27,22,92,95,60,20,25,14,21,20,45,50,50,60,10,25,60,75,95,25,25,15,25,50,70,40,45,0,75,5,25,30,15,40,15,65,20,25,40,45,15,75,0,5,5,30,15,60,45,45,80,30,40,10,5,50,40,60,75,90,35,0,0,20,0,5,5,0,10,0,0,15,15,0,0,0,0,5,44,5,35,60,10,40
Philadelphia 76ers,D. Wade,PF,29,76,50,50,35,25,25,40,25,2,35,30,15,25,30,25,15,65,40,35,35,30,30,30,35,5,25,25,25,10,0,35,30,40,10,5,5,30,50,30,55,25,50,60,25,5,30,25,40,50,50,50,25,5,20,75,15,0,20,0,20,10,35,10,90,60,40,5,5,25,60,0,0,0,5,95,25,45,35,25,5,5,0,10,0,0,15,15,0,0,0,15,40,60,5,85,70,30,75
Philadelphia 76ers,A. Bona,C,23,75,50,60,25,32,28,58,14,11,25,40,30,10,10,20,30,73,0,0,14,14,39,17,16,0,0,25,25,0,0,0,25,10,10,5,30,15,25,10,40,5,75,70,15,75,60,25,50,5,5,50,0,0,5,95,15,0,0,0,0,0,15,0,99,80,20,5,0,99,25,0,0,0,0,95,15,99,75,0,0,0,0,10,20,10,15,15,0,0,0,0,10,96,5,60,50,40,99
Philadelphia 76ers,K. Caldwell-Pope,SG,33,75,60,60,12,19,12,62,26,11,40,45,6,18,21,47,8,46,75,45,27,14,8,17,34,15,40,0,0,25,25,70,45,20,20,45,5,25,35,15,25,30,0,50,5,30,30,25,20,5,60,30,5,0,70,30,25,5,15,15,60,5,30,5,70,75,35,25,20,15,60,0,0,0,25,85,0,0,40,0,5,5,0,10,0,0,15,15,0,0,0,0,5,46,40,85,70,25,30
Milwaukee Bucks,T. Herro,SG,26,85,85,90,62,22,27,57,16,19,50,60,30,18,25,11,16,85,75,60,20,15,26,22,17,55,60,40,30,0,35,90,85,95,40,30,10,30,25,60,15,60,0,40,5,25,30,55,45,40,40,20,25,10,60,25,15,0,0,0,0,0,15,0,70,80,35,10,30,0,60,0,5,10,15,50,0,0,0,0,5,5,0,10,0,0,15,15,0,0,0,0,5,32,5,45,70,10,45
Milwaukee Bucks,R. Rollins,PG,24,80,75,55,60,46,0,100,0,0,25,25,25,25,25,25,25,18,45,35,56,11,0,0,33,0,40,25,25,0,10,30,30,95,25,5,0,15,50,55,25,50,0,60,0,25,35,20,15,50,25,25,10,10,80,10,30,0,15,0,5,5,30,15,75,85,35,15,35,15,25,5,15,30,40,60,0,0,40,0,5,5,0,10,0,0,15,15,0,0,0,0,5,74,5,99,75,45,60
Milwaukee Bucks,K. Ware,C,22,79,60,60,13,49,18,75,7,3,35,25,5,33,21,8,33,31,25,10,11,21,36,22,10,5,5,25,25,0,0,30,30,5,5,5,0,15,0,0,0,5,90,90,30,85,65,5,55,75,0,50,20,5,5,90,15,0,0,0,0,0,15,0,95,90,10,5,0,90,0,0,0,0,0,95,15,85,70,15,10,45,65,10,40,10,15,15,0,25,0,10,5,98,5,40,60,90,99
Milwaukee Bucks,M. Turner,C,30,79,70,70,40,52,16,50,34,10,45,30,2,11,53,20,14,56,50,40,4,17,52,12,15,25,50,5,5,0,20,45,40,25,30,5,10,40,40,30,15,5,70,75,25,25,45,0,75,30,40,30,35,5,5,90,15,0,0,0,0,0,15,0,99,80,20,5,0,55,50,0,0,10,25,80,45,85,80,15,5,50,30,40,20,10,30,20,10,0,25,30,10,80,5,60,50,80,99
Milwaukee Bucks,K. Porter Jr.,PG,26,79,75,75,43,34,24,42,34,12,45,45,15,11,31,19,24,68,45,35,16,22,16,25,21,30,40,65,50,0,0,85,75,95,35,30,5,15,50,70,20,50,0,60,35,30,30,5,60,35,35,15,15,30,65,5,40,10,25,15,25,20,25,30,75,85,30,15,60,15,40,25,35,50,65,45,5,0,30,10,5,5,0,10,0,0,15,15,0,0,0,0,10,56,10,80,80,10,50
Milwaukee Bucks,J. Jaquez Jr.,PF,25,78,70,55,39,43,31,32,37,2,30,30,20,40,20,20,0,34,35,35,25,14,9,22,30,10,25,25,25,0,10,35,50,85,10,5,10,35,40,25,55,30,40,70,25,35,35,25,60,5,5,50,35,10,40,50,60,0,15,0,30,30,45,30,70,75,20,25,30,40,20,0,5,10,20,70,20,90,65,10,5,5,0,20,0,0,15,15,0,0,0,0,5,56,5,75,70,15,65
Milwaukee Bucks,C. LeVert,SF,32,78,70,70,40,45,20,50,25,2,30,40,25,30,35,25,20,60,75,35,25,25,35,25,20,30,40,55,40,35,30,60,30,85,50,60,10,35,50,80,70,55,15,50,20,25,30,60,50,55,60,35,45,35,50,45,30,0,20,10,40,25,45,25,50,75,40,20,20,20,50,5,10,20,40,65,0,40,30,0,5,5,0,10,0,0,15,15,0,0,0,0,5,44,5,85,75,25,55
Milwaukee Bucks,K. Kuzma,SF,31,77,65,90,70,53,31,36,33,13,50,45,16,24,24,27,9,71,50,50,25,20,25,13,17,35,50,35,25,20,25,75,75,95,45,10,10,30,60,60,30,50,40,75,45,45,35,5,50,5,5,50,35,25,30,50,15,0,0,0,0,0,15,0,75,80,15,10,20,35,50,5,15,30,50,50,25,95,60,5,20,25,25,20,0,0,25,35,10,15,5,10,10,48,5,30,60,30,65
Milwaukee Bucks,O. Dieng,SF,23,76,55,65,16,26,17,61,22,4,30,30,22,33,6,28,11,69,35,35,17,21,18,20,24,5,25,30,31,0,0,45,45,40,5,5,5,30,40,25,40,25,45,75,30,25,25,0,60,50,20,30,10,5,25,70,15,0,0,0,0,0,15,0,99,70,30,5,0,0,0,0,5,5,15,90,0,0,50,0,5,5,0,10,0,0,15,15,0,0,0,0,5,44,5,30,30,20,80
Chicago Bulls,J. Giddey,PG,23,84,75,75,47,57,30,55,15,4,35,30,33,11,15,22,19,44,35,25,40,11,10,10,29,15,0,25,0,0,10,70,35,95,40,30,15,40,60,70,0,65,0,60,0,25,45,15,35,15,60,25,45,25,50,25,85,15,40,55,55,40,70,70,55,85,40,40,30,50,15,0,5,15,25,65,5,0,35,0,5,20,0,10,0,0,25,15,15,0,0,25,5,40,10,55,75,30,60
Chicago Bulls,N. Powell,SG,33,84,80,80,35,27,33,45,22,7,35,35,30,16,24,8,22,70,85,45,30,15,19,15,21,35,65,51,45,0,8,75,70,70,35,60,5,15,40,25,5,35,0,50,25,30,25,70,45,45,45,25,25,10,40,50,30,25,20,20,30,15,60,20,70,80,30,35,5,15,55,0,5,15,25,60,0,0,45,0,5,5,0,10,0,0,15,15,0,0,0,0,5,50,5,55,75,15,40
Chicago Bulls,M. Buzelis,PF,21,81,70,60,35,70,39,35,26,3,45,45,32,20,12,12,24,51,50,35,13,27,21,26,13,10,50,25,15,40,10,50,50,95,25,10,5,40,45,55,25,35,45,75,5,35,35,20,55,45,35,20,60,20,40,45,70,15,50,15,50,15,70,30,55,85,25,20,35,55,50,5,10,20,40,65,15,95,60,5,5,25,0,10,0,5,40,50,0,0,0,0,10,52,5,70,40,15,60
Chicago Bulls,N. Claxton,C,27,80,60,45,30,67,26,57,17,1,10,10,0,40,40,20,0,1,10,0,40,0,0,0,60,5,0,0,0,0,0,0,0,25,20,5,5,25,20,10,50,10,90,95,15,99,55,10,45,30,70,25,45,5,5,90,30,0,5,0,15,5,40,15,95,80,20,5,0,95,0,0,5,5,10,90,15,95,70,5,5,20,0,10,25,5,15,15,0,20,0,0,5,60,99,60,70,80,99
Chicago Bulls,T. Jones,PG,26,79,65,70,29,39,38,38,24,1,30,30,16,19,24,22,19,32,60,30,25,20,14,20,21,20,45,35,20,25,15,80,40,95,35,5,5,15,35,50,35,70,0,25,5,25,30,35,40,5,5,50,20,5,85,5,15,20,20,10,60,20,65,25,75,75,35,40,5,0,50,0,5,5,10,75,0,0,60,0,5,5,0,10,0,0,15,15,0,0,0,0,10,30,5,90,75,10,40
Chicago Bulls,C. Wilson,PF,20,77,60,70,9,52,22,58,20,7,70,30,32,18,16,10,24,44,50,20,25,26,20,17,12,20,25,20,25,0,0,65,30,10,20,5,5,15,50,40,30,25,60,80,35,25,65,5,35,5,5,50,25,10,30,60,15,0,0,0,10,0,15,0,75,80,30,5,10,65,0,5,5,10,25,80,10,99,60,0,5,5,0,10,10,5,15,15,0,0,0,0,5,50,5,99,75,90,90
Chicago Bulls,J. Smith,C,26,76,60,55,19,63,28,34,38,4,45,30,10,25,30,25,10,50,40,20,6,12,18,6,58,0,5,25,10,0,5,30,25,20,10,55,5,15,0,0,0,5,75,80,30,35,70,20,15,5,5,50,30,0,25,75,15,0,0,0,0,0,15,0,99,80,25,5,0,40,35,0,0,0,0,95,20,90,65,10,5,30,20,15,20,15,15,15,0,0,0,0,5,86,50,30,25,45,99
Chicago Bulls,I. Okoro,SF,25,75,60,50,20,40,30,30,30,1,30,30,20,20,25,15,25,50,50,10,40,20,20,20,40,0,25,20,20,15,5,30,10,55,50,30,5,15,25,25,40,30,25,75,50,40,30,25,60,45,50,40,25,5,40,65,20,0,15,0,0,15,25,0,75,75,35,25,5,45,40,0,0,0,5,95,5,40,35,0,15,35,0,10,0,0,15,15,0,0,0,0,10,54,5,70,75,25,60
Chicago Bulls,Z. Collins,C,28,75,55,55,49,48,100,0,0,5,50,30,33,0,0,34,33,43,50,20,14,14,29,29,14,10,0,25,10,0,0,25,15,30,20,5,10,40,0,0,0,20,60,70,5,30,50,10,25,55,0,50,35,5,5,90,15,0,0,0,0,0,15,0,99,80,20,5,0,85,0,0,0,5,10,80,60,70,60,30,5,40,0,40,10,10,15,15,0,5,0,15,5,98,55,55,50,40,99
Cleveland Cavaliers,D. Mitchell,SG,30,93,95,75,40,45,40,30,35,20,30,55,25,30,30,35,20,80,70,65,25,35,30,30,20,55,65,90,80,35,35,70,65,85,60,60,10,35,80,90,60,70,0,60,35,25,35,45,55,50,55,35,50,65,65,30,80,40,60,20,75,35,80,75,75,90,30,45,50,0,50,40,50,75,90,40,0,0,30,55,15,5,0,10,0,0,15,15,0,0,0,0,5,44,45,99,80,25,35
Cleveland Cavaliers,J. Harden,PG,37,87,80,80,24,21,25,50,25,3,45,45,8,25,42,17,8,75,80,50,5,18,34,33,10,20,60,15,70,0,20,90,99,95,30,5,0,25,25,99,25,70,0,50,0,25,30,30,60,80,80,5,15,55,40,5,20,20,15,10,75,10,45,20,45,85,35,30,90,0,50,40,40,50,75,45,0,0,45,0,5,5,0,10,0,0,15,15,0,0,0,0,5,38,15,65,85,30,50
Cleveland Cavaliers,E. Mobley,PF,25,87,75,75,55,75,40,55,40,4,40,5,20,25,20,30,20,35,50,20,20,25,30,25,20,10,25,0,0,0,0,30,0,55,35,30,15,40,50,45,60,30,90,75,10,99,50,20,55,50,45,40,45,25,30,75,40,0,30,0,0,0,30,0,85,90,25,5,10,75,25,5,15,25,35,65,40,80,50,40,40,40,30,40,35,40,30,30,0,40,15,40,20,62,5,85,75,60,99
Cleveland Cavaliers,J. Allen,C,28,85,65,65,55,80,25,50,25,2,30,5,15,20,30,30,15,1,5,0,25,10,15,10,25,5,0,0,0,0,0,0,0,40,10,20,5,35,20,15,15,40,90,90,75,99,65,25,80,50,0,60,45,5,5,95,15,0,0,0,0,0,15,0,99,90,15,5,20,95,0,0,0,5,5,95,25,90,75,10,15,45,30,20,55,45,20,20,0,0,0,0,20,44,10,60,75,40,99
Cleveland Cavaliers,P. Watson,SF,24,79,65,55,27,41,44,22,34,3,25,25,14,14,29,0,43,37,75,30,34,15,8,11,32,10,0,26,26,25,0,45,30,45,20,45,10,15,70,70,65,15,50,80,45,65,35,0,35,55,0,50,25,5,60,35,15,0,0,0,0,0,15,0,65,80,30,10,60,90,0,0,0,0,5,95,0,0,40,0,5,5,0,10,0,0,15,15,0,0,0,0,5,70,5,60,65,70,99
Cleveland Cavaliers,S. Merrill,SG,30,77,65,60,10,5,25,35,25,1,30,45,25,40,30,40,25,99,90,95,30,25,35,25,30,30,60,25,30,0,0,50,50,25,5,5,0,15,0,0,0,35,0,0,0,50,30,25,1,15,15,25,0,0,75,25,15,0,5,0,0,0,15,0,75,50,50,25,60,0,99,0,0,0,0,90,0,0,0,0,5,5,0,10,0,0,15,15,0,0,0,0,50,48,5,45,65,10,45
Cleveland Cavaliers,J. Tyson,SF,23,76,65,70,26,32,66,34,0,23,40,30,33,34,11,11,11,48,55,35,16,27,22,22,13,10,35,25,25,45,5,50,45,70,40,5,5,15,30,45,40,25,0,70,15,35,35,20,35,55,55,20,10,5,25,70,15,0,15,0,0,0,20,0,75,80,35,15,5,25,40,0,5,5,10,70,0,65,25,35,5,5,0,10,0,0,15,15,0,0,0,0,20,52,5,55,50,25,50
Cleveland Cavaliers,T. Bryant,C,29,74,50,60,32,66,25,47,28,6,55,25,0,0,57,14,29,18,10,25,14,19,38,19,10,5,0,26,25,0,0,30,25,10,5,5,5,15,0,0,0,10,99,85,50,55,70,25,70,0,95,15,25,5,5,90,15,0,0,0,0,0,15,0,95,80,20,5,0,90,0,0,0,0,0,95,40,75,80,25,5,50,15,30,25,10,20,15,0,0,10,15,5,76,5,45,30,45,99
Cleveland Cavaliers,M. Hezonja,SF,31,74,60,60,15,45,25,55,20,50,50,50,25,25,20,20,10,55,55,45,25,25,20,20,10,15,15,25,20,15,10,20,15,35,35,35,10,55,35,15,25,45,25,55,25,35,35,20,60,25,25,50,40,15,20,65,15,5,25,5,15,10,5,10,65,65,35,5,15,25,65,0,0,0,25,75,5,30,10,70,10,5,0,10,5,5,15,15,0,0,15,0,45,50,55,55,60,20,45
Boston Celtics,J. Tatum,PF,28,93,90,90,35,54,19,44,37,18,60,55,24,16,20,10,30,83,85,70,18,22,23,22,15,40,65,30,60,45,20,75,90,90,45,30,10,35,80,90,15,35,50,80,60,35,35,15,40,35,55,10,45,50,30,20,75,30,30,15,30,15,60,45,30,90,25,30,35,25,50,40,50,75,90,40,50,75,55,40,50,50,15,45,0,0,45,65,30,10,30,0,5,40,99,65,80,25,40
Boston Celtics,D. White,PG,32,83,80,75,28,21,23,47,30,3,30,30,22,12,26,15,25,75,75,35,18,27,26,19,10,25,50,0,20,0,25,65,55,70,20,50,5,40,25,45,40,50,0,45,5,25,35,50,55,55,25,20,15,5,80,15,45,0,30,15,30,15,45,15,75,80,30,10,5,25,60,0,10,25,40,70,0,0,45,0,15,5,0,10,0,0,15,15,0,0,0,0,10,46,5,75,70,45,80
Boston Celtics,P. George,PF,36,82,80,95,38,29,16,41,43,27,60,55,9,25,29,26,11,85,80,70,15,18,21,24,22,55,60,50,50,45,25,70,75,80,30,30,5,35,75,80,40,40,50,70,40,30,30,25,50,60,60,15,35,45,35,20,20,0,15,10,55,10,65,20,70,90,30,15,30,25,50,30,40,60,80,50,25,40,40,60,15,50,0,30,0,0,40,30,25,25,50,25,10,58,15,99,80,20,70
Boston Celtics,P. Pritchard,PG,28,82,80,60,20,22,29,55,16,8,35,30,12,26,28,13,21,75,75,40,13,25,17,23,22,25,50,35,40,0,10,50,90,95,15,65,5,25,40,40,20,60,0,0,0,25,30,10,35,30,70,25,10,10,75,15,30,0,5,0,15,5,40,15,75,75,35,15,35,0,60,5,15,30,40,65,0,0,20,0,5,5,0,10,0,0,15,15,0,0,0,0,5,42,5,55,75,10,30
Boston Celtics,M. Robinson,C,28,80,40,55,2,57,36,28,36,0,15,5,50,0,0,0,50,0,0,0,10,25,30,25,10,0,0,0,0,0,0,0,0,5,5,5,0,15,0,0,15,0,99,80,75,99,99,45,0,5,5,50,50,5,5,95,15,0,0,0,0,0,15,0,99,90,25,5,0,99,0,0,0,0,0,95,5,99,85,0,5,15,20,10,10,0,20,15,0,25,0,20,5,52,5,75,65,55,95
Boston Celtics,N. Queta,C,27,80,55,50,31,80,18,61,21,1,55,25,29,0,14,0,57,0,0,25,10,25,30,25,10,25,0,25,25,0,0,35,25,10,5,5,0,35,0,0,15,0,80,75,25,99,90,0,75,85,0,30,50,5,5,90,15,0,0,0,0,0,15,0,99,85,30,5,0,99,0,0,0,0,0,90,20,99,75,0,5,20,10,15,35,25,15,15,0,0,0,25,5,99,5,60,45,75,99
Boston Celtics,S. Hauser,SF,28,76,60,55,7,10,7,73,20,2,30,30,33,0,0,33,34,96,90,60,19,17,25,22,17,5,55,25,30,0,5,35,45,15,5,5,0,15,0,0,0,5,0,40,0,25,30,5,65,5,5,50,5,5,35,60,15,0,0,0,0,0,15,0,75,70,30,5,0,5,90,0,0,0,0,95,0,0,30,0,5,5,0,10,0,0,15,15,0,0,0,0,5,40,5,50,65,25,60
Boston Celtics,B. Scheierman,SG,26,75,50,55,3,5,10,7,73,1,17,30,20,33,0,0,33,2,50,50,34,19,17,25,22,35,30,30,5,15,25,45,5,5,35,5,0,5,25,40,0,30,0,25,0,30,0,0,15,5,5,5,50,65,5,35,60,0,15,0,0,0,0,15,0,75,40,35,5,0,99,0,0,0,0,80,5,0,0,30,0,5,0,0,0,0,0,15,15,0,0,0,5,60,40,5,35,20,25
Boston Celtics,M. Conley,PG,38,75,50,70,23,13,32,44,24,4,40,40,12,38,25,21,4,66,55,40,10,14,22,29,25,15,25,55,35,45,20,75,60,95,30,10,5,20,40,50,20,70,0,0,0,25,25,30,55,65,65,15,5,5,90,5,40,10,15,20,45,20,75,30,50,70,40,50,99,0,70,0,0,0,5,80,0,0,20,0,5,5,0,10,0,0,15,15,0,0,0,0,5,42,5,90,75,15,35
Los Angeles Clippers,D. Garland,PG,26,84,80,75,45,35,35,50,35,12,45,55,25,35,35,35,25,70,70,60,25,35,35,30,25,50,50,70,70,35,45,80,65,80,50,50,15,40,50,55,25,80,0,0,0,0,25,30,55,60,45,40,45,70,60,35,85,5,40,25,70,40,85,55,65,75,40,45,99,0,70,25,40,50,75,50,0,0,10,0,15,20,0,10,0,0,15,15,0,0,0,0,10,36,5,70,75,10,35
Los Angeles Clippers,B. Ingram,SF,29,84,80,95,71,31,10,73,17,31,65,70,25,11,24,14,26,41,55,50,36,12,16,17,19,70,45,50,50,25,15,70,70,95,45,35,5,45,60,60,40,35,40,75,35,25,30,35,55,5,15,30,30,40,35,25,15,5,10,10,25,5,20,5,75,90,20,35,15,20,35,40,50,75,90,50,20,85,50,15,5,35,0,15,0,0,50,25,5,0,0,0,5,46,5,55,65,20,65
Los Angeles Clippers,R. Hachimura,PF,28,79,70,65,32,46,25,53,22,10,40,35,8,14,44,27,7,46,75,40,26,13,13,20,28,15,30,5,0,0,15,50,30,35,30,10,0,40,40,40,40,5,60,85,35,40,35,25,50,55,0,50,25,10,15,75,15,0,0,0,0,0,15,0,99,80,30,15,0,50,50,5,5,10,20,80,30,65,70,35,35,45,0,25,25,0,15,15,10,0,35,20,5,40,5,55,70,20,65
Los Angeles Clippers,M. Strus,SF,30,78,65,70,10,30,20,40,20,1,30,55,20,30,50,30,20,75,90,60,30,30,35,30,30,30,60,30,35,25,35,35,20,50,45,50,5,20,25,25,30,30,0,40,5,30,35,30,60,40,55,45,45,5,55,60,30,0,25,0,35,15,40,20,75,80,30,10,10,10,80,0,0,0,0,85,0,25,0,20,5,5,0,10,0,0,15,15,0,0,0,0,40,54,75,60,50,20,60
Los Angeles Clippers,B. Lopez,C,38,77,55,75,17,33,22,47,31,2,45,30,14,22,50,0,14,60,50,30,12,20,28,25,15,15,25,0,5,5,15,50,40,20,25,5,5,30,0,0,15,15,60,70,15,45,40,15,75,75,75,50,20,5,5,90,15,0,0,0,0,0,15,0,99,80,25,5,0,30,75,0,0,0,5,90,20,85,90,15,15,25,25,15,70,55,45,40,15,0,0,50,5,58,35,55,25,90,99
Los Angeles Clippers,D. Jones Jr.,PF,29,77,55,50,13,38,31,29,40,1,25,25,0,50,0,50,0,48,50,25,38,10,6,8,38,5,0,0,0,0,10,25,25,40,10,5,5,25,25,25,0,10,60,80,85,75,40,25,40,0,0,50,20,0,30,70,15,0,0,0,0,0,15,0,75,85,30,5,0,60,20,0,0,0,0,90,0,0,30,0,5,5,0,10,0,0,15,15,0,0,0,0,5,48,5,80,70,35,60
Los Angeles Clippers,B. Beal,SG,33,76,70,95,42,42,20,55,25,18,50,60,10,19,28,27,16,48,90,50,25,17,25,16,17,50,45,50,40,20,15,75,60,95,35,30,15,15,50,50,50,20,0,80,5,25,30,15,40,80,80,10,25,25,50,25,15,0,5,10,25,0,15,10,75,70,30,30,30,45,55,45,60,70,90,40,5,0,60,0,5,25,0,10,0,0,35,30,0,0,0,0,10,52,45,70,65,25,50
Los Angeles Clippers,K. Wagler,SG,19,75,50,55,60,46,0,100,0,0,25,25,25,25,25,25,25,18,50,25,56,11,0,0,33,0,40,25,25,0,10,30,30,95,25,5,0,15,15,55,15,35,0,0,0,25,35,20,15,50,25,25,10,10,80,10,30,0,15,0,5,5,30,15,75,75,35,15,35,50,25,5,5,10,25,80,0,0,40,0,5,5,0,10,0,0,15,15,0,0,0,0,5,74,5,99,75,45,60
Los Angeles Clippers,K. Dunn,PG,32,75,50,50,35,22,17,54,29,1,30,30,0,0,0,100,0,32,50,30,50,0,0,0,50,5,25,0,0,15,15,50,40,95,5,5,5,20,40,40,40,40,0,50,0,30,30,20,55,55,55,20,20,5,70,5,15,5,5,5,55,5,15,5,60,80,20,30,35,20,30,0,5,5,15,70,0,0,0,0,5,5,0,10,0,0,15,15,0,0,0,0,5,78,5,99,90,30,60
Memphis Grizzlies,T. Jerome,PG,29,80,80,65,30,35,35,55,35,0,30,35,25,30,35,25,20,60,60,35,25,30,30,30,25,30,40,35,30,0,20,50,30,80,40,70,10,35,60,90,60,70,0,0,0,25,25,25,50,35,35,50,25,30,60,50,25,0,30,0,35,20,35,20,75,80,40,35,5,20,60,5,10,20,30,75,0,0,15,0,5,5,0,10,0,0,15,15,0,0,0,0,5,96,5,65,65,5,60
Memphis Grizzlies,C. Coward,SG,23,80,65,65,24,18,22,56,22,9,40,35,18,19,30,23,10,62,50,40,19,28,25,18,10,25,25,10,0,20,15,65,45,55,30,25,0,15,30,30,30,25,0,75,10,30,30,20,35,5,5,50,10,5,65,30,15,0,10,0,20,10,15,0,75,85,30,25,5,25,50,0,0,0,0,75,0,0,30,0,5,5,0,10,0,0,15,15,0,0,0,0,5,50,5,65,50,20,50
Memphis Grizzlies,Z. Edey,C,24,80,60,55,40,64,13,70,17,2,35,30,10,25,30,25,10,0,0,30,10,25,30,25,10,0,0,0,0,0,0,30,30,5,5,5,5,40,15,0,15,5,90,85,25,95,65,0,0,75,5,25,55,0,5,95,15,0,0,0,0,0,15,0,99,90,20,5,0,95,0,0,0,0,0,99,35,99,80,0,5,50,15,30,60,70,20,20,0,0,0,25,5,72,5,30,15,55,99
Memphis Grizzlies,C. Boozer,PF,19,79,70,65,30,28,30,43,26,9,35,30,6,24,22,35,13,56,50,35,15,21,22,24,18,35,15,0,5,25,20,70,50,30,45,5,0,40,70,50,65,5,55,70,25,25,45,0,40,55,0,50,20,10,20,75,15,0,0,0,0,0,15,0,75,85,25,5,20,80,30,5,10,25,25,80,20,70,60,30,5,20,0,15,5,5,15,15,0,0,0,0,5,60,99,60,50,30,85
Memphis Grizzlies,J. Grant,SF,32,79,70,80,45,49,30,42,28,18,50,50,7,18,16,43,16,54,60,40,30,12,6,18,34,35,30,25,20,0,15,60,50,95,35,25,15,30,60,40,55,30,60,75,55,25,35,35,50,0,0,65,50,30,25,55,15,0,0,0,0,0,15,0,75,80,25,5,0,45,35,5,15,30,50,60,30,90,70,10,5,35,0,20,0,0,15,20,0,0,0,0,10,46,5,60,70,25,45
Memphis Grizzlies,J. Wells,SF,23,78,65,60,6,15,29,42,29,4,35,30,8,24,32,26,10,64,55,45,11,21,21,24,23,5,35,26,28,0,20,40,50,35,15,30,0,15,40,35,25,25,0,70,5,30,30,20,20,5,5,45,10,0,55,45,15,0,0,0,5,0,15,0,75,85,25,25,0,25,35,0,10,25,25,70,0,0,40,0,5,5,0,10,0,0,15,15,0,0,0,0,20,80,5,45,65,15,70
Memphis Grizzlies,G.G. Jackson,PF,21,77,65,70,22,52,23,34,43,7,40,30,33,0,0,9,58,84,55,35,30,11,14,19,26,15,25,25,25,20,5,50,40,80,25,45,5,15,30,30,30,25,75,85,70,45,45,15,50,5,5,50,25,10,20,70,15,0,0,0,0,0,15,0,99,80,30,20,0,55,5,0,5,10,15,75,5,99,60,0,25,0,0,10,0,0,15,39,0,0,0,0,5,38,5,40,60,25,50
Memphis Grizzlies,I. Stewart,C,25,77,60,60,15,36,31,48,21,1,35,30,18,6,14,26,36,44,40,30,7,12,45,24,12,5,0,0,0,0,0,0,0,20,25,5,0,25,0,0,0,10,60,60,15,35,45,5,55,25,5,45,25,5,20,75,15,0,0,0,0,0,15,0,99,80,25,5,0,55,25,0,0,0,5,95,30,99,80,0,15,45,25,20,40,25,55,35,10,25,0,65,5,50,70,20,50,35,99
Memphis Grizzlies,C. Spencer,SG,26,76,60,55,6,18,8,92,0,0,30,30,14,14,14,58,0,51,75,35,14,26,17,19,24,0,30,25,26,0,0,30,35,25,5,5,5,15,0,25,0,40,0,25,30,30,35,20,99,50,50,25,5,5,40,55,15,0,5,0,15,5,30,5,75,70,40,25,5,0,50,0,0,0,0,90,0,0,45,0,5,5,0,10,0,0,15,15,0,0,0,0,5,42,5,45,50,15,65
Atlanta Hawks,J. Johnson,PF,24,87,85,50,39,54,15,58,27,2,35,30,20,10,25,18,27,38,50,30,24,19,18,16,23,20,40,10,10,0,5,45,35,70,50,35,10,35,50,60,40,35,60,85,5,75,45,20,30,5,5,50,30,5,30,65,15,0,0,0,0,0,15,0,99,85,25,10,0,75,30,15,25,40,50,60,5,99,50,0,20,30,20,10,0,0,40,30,5,0,10,10,10,50,5,70,85,30,75
Atlanta Hawks,C.J. McCollum,PG,35,83,80,85,48,25,25,43,32,10,50,55,19,14,28,18,21,93,80,65,16,27,22,20,15,40,50,55,45,30,40,80,70,95,35,10,10,35,65,70,40,70,0,40,0,25,30,55,40,25,95,25,20,30,60,10,20,10,5,10,45,10,35,10,55,80,35,25,10,0,75,20,30,50,75,55,0,0,30,0,5,5,0,10,0,0,15,15,0,0,0,0,5,42,5,55,65,25,60
Atlanta Hawks,N. Alexander-Walker,SG,28,83,80,65,15,20,36,52,12,4,30,30,19,25,19,0,37,63,55,35,17,21,23,19,20,20,45,10,10,0,10,45,40,60,40,25,5,40,60,60,30,50,25,60,15,30,30,10,20,0,30,50,10,5,70,25,15,0,0,0,25,0,20,0,75,80,35,10,25,20,35,5,15,25,40,65,0,0,50,0,5,5,0,10,0,0,15,15,0,0,0,0,10,54,10,90,80,30,50
Atlanta Hawks,D. Daniels,SF,23,81,65,50,22,24,47,19,34,1,25,25,33,10,7,17,33,36,15,25,38,14,15,7,26,15,5,35,35,15,5,35,35,55,30,5,5,35,50,40,60,45,0,70,30,30,35,40,30,25,20,20,10,20,60,35,35,0,15,15,25,0,15,15,75,85,35,10,5,70,40,0,0,5,10,85,0,0,50,0,15,20,0,10,0,0,15,15,0,0,0,0,5,54,5,99,95,25,85
Atlanta Hawks,O. Okongwu,C,25,81,70,55,17,58,5,81,14,1,50,30,0,50,0,0,50,18,25,30,28,10,4,6,52,0,5,0,0,0,0,30,30,5,5,5,0,15,0,0,0,5,75,85,60,99,60,5,85,5,5,50,0,0,5,90,15,0,0,0,0,0,15,0,99,80,20,5,10,60,10,0,0,0,0,90,10,99,70,0,5,35,15,10,30,20,30,30,0,0,0,30,5,84,5,60,50,50,99
Atlanta Hawks,L. Dort,SG,27,78,60,70,12,26,21,63,16,4,30,30,66,0,0,0,34,63,90,40,29,7,9,14,41,15,25,20,20,0,20,30,50,55,55,20,5,30,25,15,35,10,0,60,5,25,30,15,30,5,5,50,15,0,40,55,15,5,10,10,15,5,20,5,75,75,35,10,0,20,60,0,0,0,5,80,0,0,70,0,5,5,0,10,0,0,15,15,0,0,0,0,10,74,20,70,75,30,60
Atlanta Hawks,A. Wiggins,SF,27,76,60,50,18,53,19,67,14,2,30,30,18,18,36,14,14,37,55,30,26,19,18,13,24,0,25,35,35,0,12,35,35,70,20,35,5,15,30,40,30,5,0,70,5,30,40,40,25,0,0,50,20,5,40,55,15,0,0,0,0,0,15,0,65,70,30,25,0,15,50,0,0,0,5,80,0,0,45,0,5,5,0,10,0,0,15,15,0,0,0,0,5,54,5,99,70,25,75
Atlanta Hawks,J. Landale,C,30,75,60,50,26,48,36,36,28,4,45,30,33,34,0,0,33,19,75,30,36,8,28,21,7,5,0,25,25,0,8,35,30,5,5,5,5,15,0,0,0,15,45,65,0,45,65,5,50,50,0,50,20,0,5,95,15,0,0,0,0,0,15,0,99,75,30,5,20,80,30,0,0,0,0,95,20,99,65,0,15,25,15,10,25,15,15,15,0,15,0,0,5,70,5,55,50,55,99
Atlanta Hawks,D. Finney-Smith,PF,33,74,45,45,7,24,15,36,49,1,30,30,60,0,20,0,20,63,75,35,24,14,15,19,28,0,25,0,0,0,25,25,25,40,35,10,0,25,0,0,15,5,60,70,15,40,40,15,60,5,5,50,15,5,30,70,15,0,0,0,0,0,15,0,99,70,30,10,15,10,60,0,0,0,0,90,0,0,60,0,5,5,0,10,0,0,15,15,0,0,0,0,5,56,5,70,60,25,70
Miami Heat,G. Antetokounmpo,PF,31,96,90,99,41,99,48,40,12,14,55,50,7,45,33,12,3,17,30,25,17,18,47,15,3,10,0,0,0,40,5,50,50,99,50,5,5,40,85,99,45,10,80,95,90,99,55,40,30,20,50,30,65,30,35,35,85,0,15,15,5,5,70,55,70,95,30,20,0,95,5,30,50,80,90,40,65,85,85,25,65,35,30,45,45,5,15,50,15,15,15,30,5,58,45,70,70,40,70
Miami Heat,B. Adebayo,C,29,87,85,85,88,47,21,58,21,10,80,50,10,31,35,21,3,6,45,30,7,5,57,14,17,40,25,30,0,0,5,99,45,50,20,5,10,35,60,60,40,25,80,85,75,95,50,50,40,20,50,15,35,30,35,50,15,0,0,0,15,15,15,0,80,85,25,20,15,75,10,15,25,40,80,40,90,70,75,50,5,25,50,65,30,25,30,30,10,15,0,35,5,48,15,75,75,35,75
Miami Heat,B. Portis Jr.,C,31,80,65,75,63,41,7,66,27,16,50,30,26,27,20,16,11,44,55,30,19,14,23,15,29,30,25,10,0,10,10,85,35,30,10,5,10,45,40,30,30,20,65,70,25,30,55,10,55,55,55,40,30,10,20,75,15,0,0,0,0,0,15,0,80,80,20,5,0,30,30,0,5,10,20,75,90,80,80,20,15,15,20,80,20,10,25,25,0,20,35,30,5,68,85,75,70,25,75
Miami Heat,A. Wiggins,PF,31,79,70,75,46,39,13,73,14,14,35,35,18,20,26,21,15,48,55,45,19,31,22,17,11,20,35,10,0,60,15,80,50,60,40,10,5,40,55,40,45,30,55,75,60,40,50,30,75,55,55,25,35,10,40,50,20,0,0,0,15,0,15,0,70,85,25,10,0,50,30,5,15,25,35,60,30,85,55,15,15,25,0,25,0,0,30,45,15,20,55,25,5,56,5,55,75,30,75
Miami Heat,T. Hardaway Jr.,SG,34,79,65,80,28,19,25,41,34,17,35,35,14,14,27,14,31,99,90,45,16,17,20,24,23,35,50,25,25,0,40,70,70,40,20,40,10,15,25,25,25,35,0,50,30,25,30,20,45,10,35,15,25,5,50,40,15,0,5,5,30,0,15,5,70,70,35,25,10,5,75,0,5,10,30,65,0,0,20,0,5,5,0,10,0,0,15,15,0,0,0,0,40,36,5,40,60,10,50
Miami Heat,P. Larsson,SF,25,78,65,70,13,36,19,45,36,2,30,30,42,5,8,11,34,63,50,40,18,26,13,22,21,5,25,26,29,0,0,40,55,40,15,45,5,15,35,45,40,40,0,70,25,30,30,35,55,5,5,50,10,5,45,50,20,0,10,0,25,0,30,0,70,75,45,10,10,15,50,0,0,5,5,95,0,0,60,0,5,5,0,10,0,0,15,15,0,0,0,0,10,60,5,60,50,15,60
Miami Heat,D. Mitchell,PG,28,77,60,70,23,23,26,46,28,8,30,30,30,16,15,17,22,52,50,30,19,22,19,24,16,15,25,25,25,40,8,65,60,90,15,40,0,25,50,40,30,70,0,10,0,25,25,25,30,65,65,15,10,10,80,10,30,5,5,5,30,5,30,15,75,70,50,35,55,0,25,0,5,10,20,80,0,0,0,0,5,5,0,10,0,0,15,15,0,0,0,0,20,56,5,45,80,10,50
Miami Heat,K. Thompson,SG,36,76,70,80,33,15,31,38,31,22,65,75,19,21,20,23,17,99,95,85,12,24,16,30,18,50,65,30,30,35,40,80,90,45,35,30,5,25,15,0,15,10,0,50,0,30,30,25,35,55,55,35,15,10,45,45,20,0,10,10,50,10,25,5,70,70,35,25,15,0,85,0,5,5,10,70,5,80,40,20,5,20,0,10,0,0,35,25,0,0,0,0,5,40,45,45,65,25,50
Miami Heat,S. Fontecchio,SF,30,74,50,55,19,26,28,53,19,1,30,35,0,0,50,0,50,73,85,60,32,22,15,9,22,25,45,25,35,0,5,65,65,45,25,20,5,15,20,20,20,25,0,65,5,30,40,15,45,5,5,50,15,0,45,55,15,0,0,0,0,0,15,0,75,75,35,5,5,10,90,0,0,0,0,95,0,0,60,0,5,15,0,10,0,0,15,15,0,0,0,0,5,48,5,55,50,20,60
Charlotte Hornets,B. Miller,SG,23,85,80,70,49,28,16,41,43,12,60,55,9,25,29,26,11,74,80,60,15,18,21,24,22,45,50,50,40,45,20,80,80,85,30,30,5,35,70,70,70,45,40,75,40,50,35,25,40,60,60,15,20,30,40,30,85,0,15,15,55,15,70,30,55,85,30,15,30,25,40,30,40,60,75,60,0,0,25,0,15,50,0,10,0,0,25,25,15,25,55,25,20,56,85,60,75,25,70
Charlotte Hornets,K. Knueppel,SF,21,84,75,55,34,29,18,67,15,8,30,30,0,0,37,13,50,58,90,50,36,25,8,13,18,40,65,60,55,35,20,70,60,80,35,10,10,25,40,50,40,35,0,60,5,25,30,35,50,55,40,20,25,15,60,30,60,0,15,0,50,15,50,40,60,75,30,35,15,10,50,5,5,10,25,65,0,0,45,0,5,5,0,10,0,0,15,15,0,0,0,0,10,42,10,50,50,15,65
Charlotte Hornets,N. Reid,C,27,82,70,70,36,45,20,56,24,1,30,30,34,0,0,0,66,75,75,35,11,24,34,18,13,20,35,0,0,20,20,35,40,60,10,5,10,20,60,60,55,20,50,75,55,30,40,30,50,75,75,15,30,5,5,90,30,0,10,10,45,0,40,15,80,85,25,5,0,30,50,0,10,20,30,70,35,95,80,5,5,5,0,30,0,0,35,40,0,20,0,0,5,64,65,60,70,45,85
Charlotte Hornets,C. White,PG,26,80,70,70,32,42,18,52,30,7,30,30,6,17,22,33,22,69,85,35,18,22,24,24,12,15,50,50,35,45,30,60,60,95,35,40,10,40,70,80,40,60,0,50,15,25,30,25,50,35,75,25,25,40,45,15,25,20,5,10,35,5,55,10,50,85,30,40,0,0,60,20,30,50,75,55,0,0,20,0,5,5,0,10,0,0,15,15,0,0,0,0,10,46,20,40,70,10,65
Charlotte Hornets,G. Allen,SG,30,80,70,60,12,21,18,67,15,1,30,30,0,0,37,13,50,64,90,40,36,25,8,13,18,10,35,15,15,20,10,40,40,60,30,15,0,25,40,30,40,35,0,60,5,25,30,35,35,55,55,20,5,5,65,30,25,10,10,10,45,10,60,10,55,80,35,35,5,5,50,0,0,0,5,85,0,0,45,0,5,5,0,10,0,0,15,15,0,0,0,0,5,44,25,75,70,25,60
Charlotte Hornets,M. Diabaté,C,24,79,55,50,22,84,22,58,20,0,25,25,32,18,16,10,24,0,25,25,10,25,30,25,10,5,0,26,25,0,0,30,25,5,20,55,0,15,20,20,20,10,70,80,35,25,99,5,70,5,5,50,35,5,5,90,15,0,0,0,10,0,15,0,85,80,20,5,10,99,0,0,0,5,5,80,35,99,60,0,5,5,0,10,10,5,15,15,0,0,0,0,5,46,5,90,60,25,99
Charlotte Hornets,R. Kalkbrenner,C,24,79,50,45,8,66,7,73,20,0,15,5,33,0,0,33,34,0,5,5,10,25,30,25,10,0,0,0,0,0,0,0,0,5,5,5,0,15,0,0,0,5,60,75,0,99,70,5,60,5,5,50,20,0,10,90,15,0,0,0,0,0,15,0,99,80,20,5,0,95,40,0,0,0,0,95,50,90,65,0,5,20,20,25,25,15,15,20,0,0,0,25,5,56,5,40,30,70,99
Charlotte Hornets,R. O'Neale,PF,33,76,65,40,8,13,31,32,37,1,30,30,20,40,20,20,0,78,75,35,25,14,9,22,30,10,25,5,5,0,5,35,40,30,25,20,0,15,0,0,0,10,0,65,25,25,30,25,35,5,5,50,5,5,35,60,15,0,0,0,0,0,15,0,99,75,25,10,30,20,60,0,0,0,0,85,0,0,65,0,5,5,0,10,0,0,15,15,0,0,0,0,5,64,5,75,70,30,50
Charlotte Hornets,D. Schröder,PG,33,76,60,70,35,33,20,46,34,12,30,30,7,32,24,31,6,53,50,30,23,28,24,18,7,30,25,30,10,30,10,80,40,95,25,70,5,25,60,70,40,60,0,0,5,25,30,60,60,65,65,10,20,30,50,20,30,10,10,5,40,5,35,5,45,70,45,45,55,0,35,5,10,15,25,75,0,0,20,0,5,5,0,10,0,0,15,15,0,0,0,0,5,48,35,55,80,10,45
Utah Jazz,L. Markkanen,SF,29,86,90,85,43,41,23,52,25,5,50,50,38,10,0,14,38,87,75,80,14,22,31,20,13,25,50,30,35,0,15,70,60,50,30,30,10,40,50,50,40,30,65,75,10,90,50,15,35,50,15,35,30,10,40,50,40,0,20,0,5,10,40,10,80,85,30,5,10,25,50,15,25,40,50,50,25,80,50,20,15,15,15,15,0,0,30,30,5,15,35,30,5,40,5,50,65,20,90
Utah Jazz,J. Jackson Jr.,PF,27,86,80,75,76,57,20,56,24,2,35,30,11,22,56,11,0,65,50,35,12,16,29,27,16,15,25,0,5,40,20,40,40,95,55,10,15,35,40,30,25,30,80,70,30,40,40,20,20,50,5,50,70,35,15,75,15,0,5,0,0,0,15,0,99,85,25,5,10,50,45,10,20,35,75,55,70,90,80,20,5,35,15,55,55,30,20,60,15,10,20,25,5,80,50,99,75,60,99
Utah Jazz,K. George,PG,22,84,80,55,43,16,25,49,26,8,30,30,12,15,24,27,22,78,80,35,20,25,14,21,20,25,50,45,45,10,0,60,75,95,25,65,5,25,50,60,40,45,0,60,5,30,25,35,40,55,55,20,30,30,55,15,50,0,30,15,35,0,15,15,75,85,40,45,90,15,50,15,25,50,70,50,0,0,30,0,5,5,0,10,0,0,15,15,0,0,0,0,10,32,5,35,65,10,40
Utah Jazz,I. Collier,PG,21,80,60,65,13,11,22,57,21,0,30,30,6,45,29,16,4,53,70,35,15,27,28,22,8,10,25,45,40,40,10,50,60,60,35,25,5,40,50,60,50,75,0,30,0,25,30,40,25,55,55,20,10,5,90,5,30,10,5,0,35,10,30,10,75,80,35,40,99,10,70,0,10,15,25,70,0,0,40,0,5,5,0,10,0,0,15,15,0,0,0,0,40,62,15,80,70,15,45
Utah Jazz,D. Peterson,SG,19,79,70,65,41,55,23,24,53,9,35,40,32,20,9,20,19,50,75,40,27,12,13,16,32,30,50,50,45,20,25,65,70,95,15,55,10,30,60,80,50,40,40,75,5,25,40,60,40,25,55,20,45,15,25,55,60,0,5,0,20,5,40,20,75,80,25,20,5,15,45,10,20,30,40,65,5,85,45,15,5,5,0,10,0,5,25,25,0,0,0,0,5,54,5,40,65,15,50
Utah Jazz,A. Bailey,SG,20,79,70,80,22,31,37,38,25,21,45,40,42,15,15,13,15,78,70,30,33,16,20,19,12,30,40,30,20,5,10,50,30,30,50,30,0,35,55,60,30,30,50,80,30,35,45,15,30,65,20,50,20,5,40,55,15,0,10,0,5,5,15,10,75,80,20,5,0,20,40,10,25,30,45,70,5,85,70,25,5,5,0,10,0,0,85,60,0,5,5,0,5,42,20,40,65,25,50
Utah Jazz,B. Sensabaugh,SF,22,79,65,80,44,14,25,48,27,6,35,30,4,39,31,21,5,71,85,35,13,27,19,21,20,15,25,55,45,20,20,65,40,85,30,5,10,35,30,45,25,40,25,70,25,30,30,5,40,70,70,10,15,10,25,65,15,0,0,0,0,0,15,0,75,75,35,10,40,0,65,5,5,10,20,60,0,0,50,0,35,40,0,10,0,0,45,15,5,25,0,5,5,54,5,45,50,15,45
Utah Jazz,K. Filipowski,C,22,78,65,50,25,32,28,58,14,11,0,40,30,10,10,20,30,13,15,10,14,14,39,17,16,40,0,32,31,0,0,35,5,5,20,1,0,0,25,45,40,20,50,70,15,40,0,25,99,5,5,50,0,0,5,95,0,0,0,0,0,0,0,0,99,75,30,5,0,10,25,0,0,0,0,95,25,0,55,0,0,0,0,25,5,5,15,15,0,0,0,0,5,80,5,99,65,20,99
Utah Jazz,J. Nurkić,C,32,76,65,70,25,66,20,49,31,2,35,30,14,43,29,14,0,16,25,30,18,24,37,13,8,0,0,0,0,0,5,35,30,10,15,5,5,35,0,0,15,5,70,75,15,25,65,5,50,75,0,50,50,5,5,95,15,0,0,0,0,0,15,0,99,85,20,5,5,85,40,0,0,0,0,95,60,99,90,0,5,50,70,45,70,40,15,20,10,0,0,20,5,88,50,90,30,45,99
Sacramento Kings,D. Sabonis,C,30,85,70,80,42,75,23,50,27,4,50,30,9,9,52,27,3,11,45,30,6,20,46,21,7,0,0,0,0,0,5,35,30,60,30,5,5,40,40,15,45,30,70,60,10,25,60,25,25,35,50,15,60,5,20,75,15,0,5,0,0,0,15,0,90,90,30,50,0,85,10,5,15,25,40,70,50,80,75,20,20,35,20,35,45,45,20,15,10,25,0,40,5,62,20,65,65,25,85
Sacramento Kings,Z. LaVine,SG,31,82,80,85,18,47,29,53,18,19,55,55,21,18,33,11,17,70,85,50,19,25,24,19,13,40,60,40,60,25,20,50,80,95,45,40,10,35,50,75,50,35,35,75,85,35,25,25,30,25,50,25,20,40,40,20,15,5,5,5,45,5,15,0,60,85,30,30,5,0,40,5,25,40,65,45,5,70,30,15,5,5,0,10,0,0,15,15,0,0,0,0,5,48,5,55,60,15,60
Sacramento Kings,K. Murray,PF,26,79,75,65,30,24,31,28,41,10,35,30,67,13,13,0,7,71,90,45,30,17,24,16,13,15,40,5,10,0,15,45,40,45,25,5,5,35,55,25,35,20,50,75,75,40,35,10,35,40,40,20,20,5,25,75,15,0,0,0,0,0,15,0,99,80,35,15,80,0,75,0,0,5,5,80,5,75,60,10,35,45,30,10,0,0,45,30,10,25,45,50,20,58,5,60,65,30,65
Sacramento Kings,M. Raynaud,C,23,79,65,40,31,67,7,73,20,5,25,25,33,0,0,33,34,0,80,35,10,25,30,25,10,0,0,25,25,0,0,50,25,30,20,5,0,15,0,0,0,10,60,75,0,25,60,5,50,5,5,50,0,0,5,95,15,0,0,0,0,0,15,0,99,80,20,5,0,80,99,0,0,0,0,95,0,99,65,0,5,35,0,10,20,5,15,25,0,0,10,25,5,99,5,99,40,5,95
Sacramento Kings,M. Monk,SG,28,79,65,65,42,38,24,43,33,11,30,30,34,0,24,14,28,81,90,45,19,24,23,18,16,20,50,25,50,40,25,50,80,95,30,35,5,30,65,60,50,50,0,65,55,65,30,40,50,25,50,25,30,15,65,25,20,5,10,10,30,5,35,10,75,80,30,30,65,10,50,5,10,15,35,65,0,0,0,0,5,5,0,10,0,0,15,15,0,0,0,0,5,60,5,60,70,25,55
Sacramento Kings,D. Hunter,SF,28,77,70,80,36,28,13,51,36,13,45,45,0,33,26,22,19,65,85,35,24,19,15,17,25,35,45,10,10,20,25,99,40,60,45,10,10,30,40,40,30,30,45,75,20,25,30,30,35,60,60,20,30,15,45,45,25,10,10,5,45,20,40,10,75,80,30,35,5,20,55,5,5,15,25,65,20,75,55,25,5,20,0,10,0,0,15,15,0,20,0,0,10,62,5,55,70,15,60
Sacramento Kings,P. Achiuwa,PF,27,76,60,65,21,60,20,60,20,1,40,30,24,0,55,7,14,22,50,25,33,0,34,0,33,10,5,25,25,0,0,40,35,40,20,5,10,15,0,0,0,20,80,90,35,65,70,5,50,75,0,50,25,10,5,85,15,0,0,0,0,0,15,0,99,80,20,5,15,80,0,0,5,10,20,85,10,80,80,20,10,45,65,10,10,10,15,15,0,25,0,10,10,64,5,70,35,50,99
Sacramento Kings,D. Acuff Jr.,PG,19,75,65,65,13,11,22,57,21,0,30,30,6,45,29,16,4,53,80,35,15,27,28,22,8,10,15,45,40,40,10,50,60,60,35,25,5,40,50,60,50,75,0,0,0,25,30,40,25,55,55,20,10,5,90,5,30,10,5,0,35,10,30,10,75,80,35,40,99,0,70,0,5,5,10,80,0,0,40,0,5,5,0,10,0,0,15,15,0,0,0,0,40,62,15,80,70,15,45
Sacramento Kings,N. Clifford,SF,24,75,60,55,32,31,25,59,16,5,50,35,37,13,17,3,30,62,80,40,28,11,14,13,34,25,15,50,50,0,5,50,40,50,15,35,5,15,40,40,40,5,45,75,25,25,45,25,70,40,40,20,15,15,50,35,15,0,0,0,0,0,15,0,70,75,40,10,0,20,40,0,0,0,5,90,0,0,70,0,5,5,0,10,0,0,15,15,0,0,0,0,30,56,5,80,50,25,65
New York Knicks,J. Brunson,PG,30,96,95,95,91,38,29,55,16,19,45,55,12,26,28,13,21,70,85,45,13,25,17,23,22,75,55,75,65,25,25,85,80,95,40,20,10,45,50,75,50,95,0,0,0,25,30,40,50,40,50,10,45,40,55,5,90,5,45,30,60,20,75,75,30,85,35,15,55,0,55,50,70,90,90,40,25,0,50,15,20,15,0,20,0,0,15,15,30,0,0,0,50,38,15,50,70,10,40
New York Knicks,K. Towns,C,30,93,80,85,47,56,45,33,22,1,55,50,9,28,42,19,2,70,75,80,17,18,46,10,9,25,50,25,25,5,15,35,40,95,50,15,5,35,50,70,40,45,65,70,15,30,45,5,45,40,40,20,40,30,25,50,30,0,0,0,0,5,20,0,95,85,30,15,5,15,50,5,15,30,75,50,60,80,80,40,35,55,15,50,30,10,45,35,25,15,60,30,5,72,5,50,70,25,85
New York Knicks,O. Anunoby,SF,29,88,70,70,19,42,44,22,34,5,30,35,14,14,29,0,43,55,70,35,34,15,8,11,32,15,35,15,5,25,20,65,45,65,35,10,5,25,70,60,65,25,55,85,25,45,30,0,45,55,0,50,25,5,60,30,15,0,0,0,0,0,15,0,75,85,30,25,5,35,40,5,15,20,25,70,15,99,70,0,5,20,0,10,0,0,15,15,0,0,0,0,5,50,10,85,85,30,80
New York Knicks,M. Bridges,SG,30,84,70,80,47,33,25,59,16,9,60,65,16,17,25,25,17,75,80,45,35,6,6,10,43,25,50,25,25,5,30,75,60,95,30,40,5,30,50,65,40,30,45,70,30,25,30,15,50,40,35,20,20,15,55,35,15,0,0,0,10,0,15,5,75,85,30,10,15,25,55,5,10,25,40,70,5,90,50,10,5,5,0,10,0,0,15,15,0,0,0,0,5,30,30,55,70,15,45
New York Knicks,J. Hart,PF,31,82,65,65,21,32,14,68,18,3,30,30,38,6,44,6,6,34,60,30,34,16,9,16,25,10,25,5,5,0,5,45,35,55,35,5,0,15,35,55,50,35,0,30,10,25,30,10,15,5,5,50,20,5,50,50,15,5,10,10,15,5,20,5,75,70,40,15,15,30,50,0,0,20,30,85,0,0,35,0,5,5,0,10,0,0,15,15,0,0,0,0,10,46,99,65,85,15,55
New York Knicks,M. McBride,SG,26,78,65,50,20,24,6,72,22,7,30,40,6,17,22,34,21,72,90,40,16,28,17,23,16,25,50,25,25,15,0,60,50,65,10,5,5,15,30,25,30,50,0,0,0,25,30,35,30,75,75,10,15,5,85,10,30,10,10,10,20,10,40,20,75,70,40,30,70,0,65,0,5,5,15,75,0,0,0,0,5,5,0,10,0,0,15,15,0,0,0,0,20,58,5,99,75,10,55
New York Knicks,L. Shamet,SG,29,77,60,60,23,26,13,59,28,12,35,35,11,17,33,28,11,78,95,55,20,21,18,18,23,15,50,25,29,45,12,65,85,55,15,40,0,15,30,25,25,40,0,40,5,25,30,25,60,35,75,25,5,10,65,25,25,20,5,10,35,5,55,10,75,70,40,40,15,10,99,0,5,10,15,85,0,0,40,0,5,5,0,10,0,0,15,15,0,0,0,0,5,76,5,80,40,20,65
New York Knicks,J. Alvarado,PG,28,77,55,65,26,22,11,45,44,1,30,30,12,13,38,12,25,72,75,35,19,31,31,12,7,15,25,25,25,10,0,55,45,65,15,65,5,15,30,50,30,70,0,0,0,25,30,70,70,5,5,10,15,5,85,10,30,25,20,20,30,15,60,20,75,70,50,35,15,0,80,0,5,5,15,90,0,0,0,0,5,5,0,10,0,0,15,15,0,0,0,0,5,62,5,99,85,20,30
New York Knicks,A. Drummond,C,33,76,55,65,28,99,24,50,26,0,30,30,25,75,0,0,0,1,5,30,12,0,38,38,12,5,5,0,0,0,0,30,30,10,5,5,5,25,0,5,15,10,90,80,80,55,99,0,50,85,0,30,55,5,5,90,15,0,0,0,0,0,15,0,90,80,20,10,0,95,0,0,0,0,5,99,65,85,90,15,10,45,50,50,90,80,15,15,0,0,0,20,10,74,5,99,50,45,99
Los Angeles Lakers,L. Dončić,PG,27,96,99,99,70,36,20,47,33,18,40,45,26,4,24,9,37,99,80,55,12,30,31,24,3,50,70,40,99,55,35,70,90,95,30,10,15,15,85,85,60,60,0,45,15,25,35,75,55,50,30,20,25,60,35,5,95,5,80,20,80,75,95,40,30,90,35,75,99,15,50,50,50,80,95,40,40,95,70,5,40,60,0,30,0,0,15,75,60,0,0,15,10,40,70,80,85,20,50
Los Angeles Lakers,A. Reaves,SG,28,88,80,70,34,29,18,67,15,8,30,30,0,0,37,13,50,58,80,50,36,25,8,13,18,40,50,60,55,35,20,70,60,95,35,10,10,30,75,80,40,50,0,50,5,25,30,35,40,55,55,20,15,40,40,20,30,15,10,10,45,10,60,10,55,80,35,35,15,30,50,10,25,40,50,55,0,0,45,0,5,5,0,10,0,0,15,15,0,0,0,0,10,42,10,50,75,15,65
Los Angeles Lakers,W. Kessler,C,25,81,60,55,1,68,50,40,10,0,25,25,100,0,0,0,0,5,0,25,63,0,0,0,37,0,0,0,0,0,0,25,25,5,5,5,0,30,0,0,25,0,95,90,40,99,70,5,0,50,0,50,40,0,5,90,15,0,0,0,0,0,15,0,99,85,20,5,0,99,5,0,0,0,0,95,5,99,80,0,5,5,0,10,55,45,15,15,0,0,0,0,5,64,5,40,50,99,99
Los Angeles Lakers,C. Sexton,SG,27,79,65,70,67,49,19,48,33,7,30,30,29,9,17,19,26,56,65,30,12,18,24,30,16,20,30,25,30,20,10,70,55,95,55,5,10,15,55,50,50,50,0,50,25,35,35,30,50,60,60,20,45,25,70,5,25,10,10,5,45,20,40,10,75,85,35,35,10,50,30,20,25,40,65,60,0,0,45,0,5,5,0,10,0,0,15,15,0,0,0,0,5,54,5,70,85,15,35
Los Angeles Lakers,Q. Grimes,SG,26,78,70,60,5,22,14,68,18,4,30,30,38,6,44,6,6,84,75,35,34,16,9,16,25,5,50,0,25,0,20,35,50,30,10,40,0,25,35,55,50,35,0,55,0,30,30,10,15,5,5,50,10,25,40,35,15,5,10,10,15,5,20,5,75,75,35,15,20,0,60,0,15,25,40,70,0,0,45,0,5,5,0,10,0,0,15,15,0,0,0,0,5,52,5,70,70,10,55
Los Angeles Lakers,S. Mamukelashvili,PF,27,76,60,55,26,46,0,72,28,1,30,30,25,0,50,0,25,51,80,35,15,8,31,23,23,5,0,25,25,10,5,40,30,55,10,5,5,40,65,25,70,20,0,65,0,35,45,35,75,50,0,50,15,5,5,90,20,20,5,15,50,20,50,20,99,80,20,5,0,30,10,0,0,0,5,90,10,99,75,0,5,5,0,10,0,0,15,15,0,5,5,5,5,56,5,60,25,35,95
Los Angeles Lakers,J. Vanderbilt,PF,27,76,45,55,9,45,34,66,0,0,35,30,0,0,0,0,100,17,25,30,0,0,0,0,100,5,0,25,25,0,0,10,10,10,20,10,5,15,0,0,15,15,50,75,50,60,40,25,45,5,5,50,20,5,20,75,15,0,0,0,0,0,15,0,99,80,20,5,5,90,0,0,0,0,5,95,0,0,50,0,5,5,0,10,0,0,15,15,0,0,0,0,5,54,5,99,85,15,45
Los Angeles Lakers,J. LaRavia,SF,24,75,60,60,25,38,17,83,0,4,25,25,0,50,17,33,0,70,80,40,17,0,0,17,66,0,30,27,25,0,0,25,45,85,15,50,5,15,25,35,25,25,50,75,30,40,40,35,25,50,0,40,0,20,20,60,15,0,15,0,0,0,15,0,99,80,35,5,0,40,50,0,0,0,0,90,0,0,25,0,5,5,0,10,0,0,15,15,0,0,0,0,5,62,5,95,65,20,60
Los Angeles Lakers,Z. Williams,SF,25,75,60,60,22,34,11,78,11,9,35,35,72,0,0,14,14,66,80,40,54,8,0,0,38,30,25,30,30,15,10,50,50,40,10,65,5,40,30,40,30,15,50,80,45,99,40,25,65,20,30,25,10,5,60,35,25,0,20,10,25,0,15,0,75,65,35,5,5,50,30,0,0,0,5,90,0,0,40,0,20,20,0,10,0,0,15,15,0,0,0,0,10,58,5,85,75,15,65
Orlando Magic,P. Banchero,PF,23,87,85,85,63,54,20,42,38,19,55,50,8,11,32,36,13,45,60,45,11,24,27,23,15,55,25,45,25,40,15,85,60,95,40,30,5,45,85,70,40,30,65,75,50,35,35,10,55,40,60,20,45,35,35,30,80,0,35,20,50,20,65,20,70,85,35,20,80,50,35,25,50,75,90,40,50,90,75,50,45,35,30,45,10,0,45,25,10,25,45,50,5,40,40,45,70,25,65
Orlando Magic,F. Wagner,SF,25,85,80,80,43,70,39,35,26,4,50,45,32,20,12,12,24,51,80,50,13,27,21,26,13,30,40,35,30,40,10,75,85,95,40,10,5,40,55,75,25,55,45,70,5,35,35,20,55,45,35,20,60,20,40,45,70,15,50,15,50,15,70,30,55,85,35,20,35,50,35,5,15,40,50,50,15,95,60,5,5,25,0,10,0,0,40,50,0,0,0,0,10,52,5,70,80,15,60
Orlando Magic,D. Bane,SG,28,84,80,85,37,50,13,50,37,17,50,50,25,17,8,17,33,90,90,65,34,11,15,17,23,35,55,25,35,5,35,80,90,95,50,35,5,40,40,50,35,40,0,50,15,25,35,10,50,50,40,20,25,15,60,30,60,0,15,0,50,15,50,40,60,80,35,45,10,0,45,5,25,35,50,60,0,0,55,0,5,5,0,10,0,0,15,15,0,0,0,0,10,60,5,60,80,20,65
Orlando Magic,J. Suggs,PG,25,80,70,80,21,32,25,61,14,4,35,30,19,18,28,23,12,68,75,30,18,27,22,21,12,25,45,25,15,35,20,60,50,60,30,40,5,35,55,50,45,45,25,75,0,30,30,55,55,75,75,15,15,5,65,25,15,10,5,10,55,10,35,10,55,85,35,25,45,25,35,0,25,50,75,70,0,0,50,15,5,15,0,10,0,0,15,25,0,0,0,0,10,72,50,99,85,30,55
Orlando Magic,A. Black,PG,22,80,70,50,14,28,23,46,31,5,30,30,34,20,13,13,20,29,60,30,20,21,14,19,26,10,40,40,35,0,0,45,55,45,5,5,5,25,50,60,35,40,25,70,5,35,30,30,55,55,55,10,10,5,85,10,15,0,10,10,30,15,50,10,75,85,40,35,15,50,25,0,5,5,10,70,0,0,40,0,5,5,0,10,0,0,15,15,0,0,0,0,10,68,5,75,75,25,70
Orlando Magic,W. Carter Jr.,C,27,79,60,65,63,43,13,77,10,2,50,35,0,14,43,43,0,44,55,30,23,10,25,17,25,0,10,0,0,0,15,55,30,15,35,5,5,15,0,0,15,10,80,80,40,99,55,5,20,5,5,50,25,5,15,75,15,0,0,0,0,0,15,0,99,85,25,5,5,75,70,0,0,0,5,75,15,95,80,5,5,30,15,10,60,40,45,50,10,0,10,20,5,62,5,50,70,25,95
Orlando Magic,N. Vučević,C,35,78,70,80,64,45,36,38,26,14,75,35,29,13,17,14,27,43,50,20,7,22,50,15,6,15,15,0,0,0,15,40,10,35,10,5,0,40,0,0,15,35,60,70,10,30,55,10,10,85,85,50,35,5,5,95,15,0,0,0,0,0,15,0,95,80,15,5,5,50,55,0,0,5,5,95,65,95,90,5,5,45,35,55,90,60,35,50,10,25,0,35,5,52,55,60,25,30,90
Orlando Magic,T. da Silva,SF,25,76,60,55,11,38,15,58,27,0,30,30,20,10,25,18,27,68,70,35,24,19,18,16,23,0,45,26,27,0,0,35,40,40,25,40,5,30,25,40,25,30,0,65,15,35,40,20,45,5,5,50,20,5,20,75,15,0,0,0,0,0,15,0,99,80,35,10,0,10,0,0,0,5,5,85,10,95,70,5,20,30,20,10,0,0,40,30,5,0,10,10,20,54,10,50,50,25,70
Orlando Magic,G. Bitadze,C,27,74,50,60,10,62,8,80,12,1,35,30,6,15,32,18,29,5,45,20,11,14,50,14,11,0,0,0,27,25,12,30,35,5,5,5,5,30,55,0,50,5,60,75,15,70,75,25,50,55,55,25,25,0,5,95,15,0,20,0,50,10,35,10,99,80,20,5,0,99,0,0,0,0,0,95,15,99,80,0,5,5,0,10,25,5,35,20,0,20,0,0,5,80,5,90,65,85,99
Dallas Mavericks,C. Flagg,SF,19,87,85,70,19,42,44,22,34,5,40,45,14,14,29,0,43,55,60,30,34,15,8,11,32,30,25,40,30,25,20,65,45,65,35,10,5,35,70,75,65,25,55,85,25,45,30,0,45,40,35,25,25,20,50,30,15,0,5,0,5,5,15,10,75,85,30,25,5,65,30,0,0,5,10,55,15,70,50,25,5,20,0,10,0,0,15,15,0,10,10,0,5,50,10,85,65,30,80
Dallas Mavericks,K. Irving,PG,34,87,85,95,71,37,19,58,23,18,40,50,7,22,20,45,6,75,85,60,7,19,29,32,13,45,60,60,60,10,35,85,80,95,25,50,15,5,90,95,70,60,0,50,0,35,30,20,55,60,70,15,30,45,50,5,99,40,70,40,70,55,85,85,0,90,40,60,15,5,50,50,60,80,95,50,5,95,45,5,5,25,0,10,0,0,50,35,0,0,0,5,10,40,5,85,80,20,35
Dallas Mavericks,N. Marshall,SF,28,79,70,55,30,28,26,41,33,4,30,30,25,11,17,34,7,43,85,30,7,28,49,9,8,15,25,35,35,0,0,55,40,65,30,30,10,25,50,50,40,45,0,70,5,25,35,35,30,5,5,50,20,35,35,30,20,0,0,0,5,0,15,0,90,80,35,5,25,10,50,0,5,5,10,80,0,0,50,0,5,5,0,10,0,0,15,15,0,0,0,0,5,52,5,90,75,15,60
Dallas Mavericks,P.J. Washington,PF,28,79,70,70,31,32,16,60,24,1,35,35,23,0,18,6,53,67,75,35,24,22,24,14,16,25,35,25,25,0,0,60,50,55,60,10,5,15,25,25,40,35,50,70,50,35,40,25,55,5,5,50,15,5,20,75,15,0,0,0,0,0,15,0,99,85,30,10,15,25,30,0,0,5,10,75,10,90,70,10,5,25,50,10,0,0,15,15,10,15,0,25,5,54,55,85,75,35,80
Dallas Mavericks,D. Gafford,C,27,79,60,55,20,75,13,74,13,1,30,15,0,0,75,0,25,0,0,0,10,25,30,25,10,0,0,0,0,15,0,0,0,10,55,30,0,25,0,0,15,5,90,95,40,99,70,5,55,5,5,50,45,5,5,95,15,0,0,0,10,0,15,0,80,90,15,5,0,99,0,0,0,0,0,95,10,99,75,0,5,40,0,10,10,0,20,20,0,0,0,0,10,90,15,75,25,95,99
Dallas Mavericks,D. Lively II,C,22,79,55,55,13,68,16,57,27,1,25,0,0,0,0,100,0,1,0,0,50,0,0,0,50,0,0,0,0,15,0,0,0,5,30,25,5,25,0,0,15,5,95,99,5,99,55,5,0,5,5,50,40,0,5,90,15,0,5,0,0,0,15,0,90,95,20,5,0,99,0,0,0,0,0,95,5,99,70,0,5,35,0,10,25,0,15,25,0,0,10,40,5,80,5,60,50,70,99
Dallas Mavericks,S. Aldama,PF,25,78,65,65,24,32,0,50,50,2,35,30,72,0,14,0,14,68,80,30,13,24,29,24,10,5,35,0,5,15,20,35,40,55,10,50,10,40,25,25,25,25,60,75,5,50,40,5,60,5,5,50,20,5,20,75,15,0,5,0,0,0,15,0,90,80,30,30,0,35,55,0,0,5,10,85,5,85,50,15,5,35,0,10,5,5,15,25,0,0,10,40,5,40,5,55,70,40,95
Dallas Mavericks,Z. Risacher,SF,21,76,65,80,30,31,37,38,25,4,45,40,42,15,15,13,15,78,55,50,33,16,20,19,12,30,40,20,20,5,5,50,40,30,50,35,0,35,45,50,40,30,55,80,30,35,45,15,30,65,20,50,20,20,40,55,15,0,0,0,0,0,15,0,75,80,30,5,0,5,55,0,0,5,10,75,5,85,70,15,5,5,0,10,0,0,85,60,0,0,0,0,5,42,20,40,65,25,50
Dallas Mavericks,M. Christie,SG,23,75,65,55,22,19,36,23,41,5,25,25,31,14,5,18,32,45,85,30,29,13,12,14,32,10,40,25,25,35,5,50,30,55,40,40,5,35,65,60,65,35,30,60,40,30,30,40,40,5,15,30,5,5,40,55,45,0,15,0,30,0,50,0,65,75,35,30,65,25,50,0,0,5,5,75,0,0,0,0,5,5,0,10,0,0,15,15,0,0,0,0,5,44,5,40,75,25,90
Brooklyn Nets,M. Porter Jr.,SF,28,85,90,80,22,31,37,38,25,21,55,50,42,15,15,13,15,78,90,55,33,16,20,19,12,40,60,40,40,5,35,70,60,30,50,15,0,40,60,60,50,30,55,80,30,35,45,15,30,65,20,50,20,5,40,55,15,0,0,0,0,0,15,0,75,85,20,5,0,5,60,5,25,40,50,50,5,85,70,15,5,5,0,10,0,0,85,60,0,0,0,0,5,42,20,40,50,25,50
Brooklyn Nets,J. Randle,PF,31,83,80,90,65,59,37,49,14,7,55,55,14,16,33,11,26,54,75,55,19,23,25,20,13,30,25,25,30,25,15,50,50,95,55,25,10,40,60,60,70,30,55,70,60,25,45,15,60,25,50,25,45,30,25,25,15,0,5,0,5,5,15,0,85,85,20,25,5,35,25,50,50,75,85,45,80,95,85,35,35,40,50,55,20,40,65,55,5,25,0,40,5,56,15,40,65,15,60
Brooklyn Nets,E. Dëmin,SG,20,76,65,75,31,56,21,58,21,4,30,30,0,18,9,64,9,37,80,40,27,12,14,17,30,20,30,25,25,0,10,35,45,95,20,35,5,30,35,50,25,40,0,75,25,30,40,15,80,55,60,30,30,15,25,70,30,0,15,15,60,15,40,10,90,80,35,5,5,25,55,5,5,15,25,70,10,0,45,0,5,5,0,10,0,0,15,15,0,0,0,0,5,60,5,50,35,25,80
Brooklyn Nets,N. Clowney,PF,22,76,65,55,16,42,15,58,27,20,30,30,20,10,25,18,27,32,50,35,24,19,18,16,23,0,5,25,25,0,0,20,20,20,25,40,10,35,0,0,15,15,70,65,15,25,50,20,45,5,5,50,20,5,20,75,15,0,0,0,0,0,15,0,99,80,20,10,0,80,0,0,0,5,5,95,0,99,65,0,20,30,20,10,20,15,40,30,5,0,10,10,5,48,5,60,50,55,99
Brooklyn Nets,N. Traore,PG,20,76,65,70,58,57,19,57,24,6,30,30,22,17,16,13,32,7,55,30,20,26,23,22,9,35,0,5,0,35,0,99,35,95,45,5,10,40,55,60,55,25,0,75,5,30,45,15,55,55,55,15,35,5,85,5,30,0,10,10,45,5,35,20,55,75,40,50,50,75,5,0,5,5,10,65,20,85,55,15,5,30,0,20,0,0,15,15,0,0,0,0,5,52,5,85,55,25,50
Brooklyn Nets,K. Ellis,SF,26,76,55,60,9,11,0,43,57,4,25,25,50,0,0,25,25,62,80,25,46,8,19,23,4,10,30,28,27,25,10,45,75,40,30,55,10,25,55,55,65,30,0,55,0,25,30,40,35,40,40,20,10,30,40,30,25,0,35,15,40,15,25,25,70,70,40,30,15,0,15,0,0,0,0,85,0,0,20,0,5,5,0,10,0,0,15,15,0,0,0,0,5,82,5,99,85,40,60
Brooklyn Nets,D. Wolf,PF,22,75,60,55,8,12,12,68,20,2,35,30,46,7,20,7,20,38,80,30,21,15,21,15,28,0,0,25,25,15,5,35,30,15,10,5,0,30,40,30,45,5,0,70,60,55,30,20,50,9,14,57,5,0,20,80,15,5,5,5,25,5,20,5,85,80,20,5,5,40,10,0,0,0,0,95,0,0,50,0,5,10,0,10,0,0,15,15,0,0,0,0,20,66,5,40,50,40,99
Brooklyn Nets,D. Sharpe,C,24,75,60,55,20,88,12,66,22,1,30,25,18,14,32,9,27,6,25,25,10,25,30,25,10,0,0,0,0,0,0,0,0,10,5,5,5,15,0,0,0,5,95,85,25,99,99,10,55,5,0,50,35,5,5,90,15,0,0,0,0,0,15,0,99,80,20,5,0,99,0,0,0,5,5,95,25,99,80,0,5,15,20,15,30,20,15,15,0,0,0,20,5,99,5,75,30,55,99
Brooklyn Nets,M. Brown Jr.,PG,20,74,60,75,16,25,40,43,17,20,30,30,33,34,0,0,33,75,70,35,14,25,17,31,13,20,35,0,25,25,25,40,60,60,20,25,5,40,20,30,10,25,0,70,5,35,25,10,45,5,55,35,15,5,65,25,15,5,5,5,30,5,35,5,75,70,40,10,5,0,75,0,5,5,10,80,0,0,0,0,5,5,0,10,0,0,15,15,0,0,0,0,5,30,15,60,60,25,30
Denver Nuggets,N. Jokić,C,31,97,90,99,82,63,21,52,27,10,70,35,5,8,58,20,9,30,50,30,8,13,51,20,8,25,10,15,15,30,0,25,25,55,35,15,15,35,70,55,50,55,50,40,30,25,65,5,45,50,25,25,60,15,15,75,60,0,40,0,20,20,60,0,90,90,40,90,20,65,10,5,25,50,75,65,95,95,95,5,50,50,50,75,70,40,40,25,40,25,60,55,10,52,90,99,80,30,80
Denver Nuggets,J. Murray,PG,29,89,90,85,56,40,25,61,14,29,45,50,19,18,28,23,12,66,80,60,18,27,22,21,12,40,50,45,50,35,25,70,65,95,25,25,10,50,75,50,60,50,0,55,20,25,30,50,50,75,75,15,30,20,75,5,15,10,5,10,55,10,35,10,55,85,35,50,20,10,50,10,25,60,80,50,30,0,45,0,5,15,0,25,0,0,15,25,0,0,0,0,5,40,40,70,80,30,70
Denver Nuggets,D. DeRozan,SF,37,83,75,90,62,36,37,42,21,37,65,55,10,25,39,18,8,27,25,30,26,25,22,13,14,99,25,40,0,60,0,85,50,95,40,20,10,50,65,70,40,45,25,75,70,25,30,40,50,45,45,10,35,35,40,25,80,5,50,15,65,35,80,35,55,85,35,15,10,0,15,35,50,60,80,55,45,80,65,30,20,25,0,40,0,0,40,50,25,30,30,30,10,38,99,55,65,20,45
Denver Nuggets,A. Gordon,PF,31,83,70,75,16,73,29,37,34,2,40,30,17,25,16,25,17,32,50,30,33,11,9,12,35,5,10,5,5,20,10,50,20,45,15,5,5,30,50,25,55,15,75,90,90,99,60,10,50,5,5,50,45,10,20,65,15,0,0,0,10,0,15,0,99,85,30,5,0,75,25,5,5,10,25,70,35,95,75,5,35,45,30,25,10,0,35,35,0,25,0,10,5,44,5,55,60,25,60
Denver Nuggets,C. Johnson,SF,30,80,65,70,23,29,27,46,27,9,80,35,9,19,24,24,24,79,85,40,25,19,9,22,25,15,40,30,30,0,25,60,45,70,45,5,5,30,40,40,40,30,55,70,45,30,30,10,60,0,2,30,20,5,45,50,15,0,0,15,15,5,15,0,70,75,35,10,25,15,60,0,5,5,10,80,0,0,50,0,15,40,0,10,0,0,15,15,0,0,0,0,5,48,5,65,75,15,55
Denver Nuggets,C. Braun,SG,25,79,65,60,20,46,17,61,22,3,30,25,24,17,11,23,25,36,75,25,6,10,22,55,7,15,35,25,15,8,10,35,35,60,25,47,5,35,65,50,50,40,0,65,51,35,35,30,35,50,52,42,15,5,55,40,30,0,30,0,15,12,15,15,55,85,35,30,40,65,40,0,5,5,15,80,0,0,45,0,5,5,0,10,0,0,15,15,0,0,0,0,10,60,5,45,75,30,65
Denver Nuggets,M. Bagley III,C,27,76,60,60,40,89,30,50,20,4,45,30,0,33,34,33,0,8,55,30,17,9,39,9,26,5,0,0,0,0,0,50,40,30,15,5,5,45,0,0,0,20,80,85,15,75,90,25,25,55,0,50,55,10,10,75,15,0,0,0,0,0,15,0,99,80,20,5,0,85,5,0,5,10,20,70,30,60,80,40,35,45,0,20,40,35,15,15,15,0,35,20,30,56,5,45,25,40,99
Denver Nuggets,J. Strawther,SF,24,75,55,55,28,24,20,66,14,3,35,35,21,11,36,16,16,91,95,40,23,19,15,14,29,15,20,25,25,0,12,85,85,60,25,40,15,15,0,15,15,25,0,75,15,25,30,15,25,0,55,35,15,10,60,30,15,0,0,0,0,0,15,0,90,80,35,15,10,50,35,0,5,10,20,65,0,0,40,0,5,5,0,10,0,0,15,15,0,0,0,0,10,72,5,70,60,20,60
Denver Nuggets,T. Jones,PG,30,73,50,70,53,19,26,51,22,4,30,30,26,15,13,21,25,48,85,30,22,24,19,20,15,30,20,30,30,0,25,80,60,85,10,40,15,25,25,30,25,90,0,0,0,25,30,25,15,20,70,10,10,5,65,30,75,15,15,30,45,30,60,55,45,50,50,55,35,0,75,0,0,5,5,95,0,0,0,0,5,5,0,10,0,0,15,15,0,0,0,0,5,18,5,75,70,15,25
Indiana Pacers,T. Haliburton,PG,26,90,70,90,37,33,28,57,15,13,30,35,24,16,28,24,8,87,80,50,31,19,13,15,22,30,40,10,70,15,45,60,85,95,35,30,5,40,40,80,25,60,0,60,10,25,30,30,60,40,40,20,35,30,65,5,90,5,30,15,60,30,90,45,40,85,50,75,85,0,75,10,30,50,75,50,0,0,0,0,5,5,0,10,0,0,15,15,0,0,0,0,5,24,10,80,80,30,40
Indiana Pacers,P. Siakam,PF,32,87,85,90,65,64,26,52,22,11,55,50,2,33,29,30,6,33,65,40,24,16,19,18,23,25,30,30,0,0,20,80,50,95,35,5,10,35,85,55,50,30,55,70,35,60,50,15,50,10,60,30,40,20,40,25,60,0,20,0,60,20,60,40,70,85,30,25,5,60,40,5,15,25,40,50,60,90,70,10,40,40,20,45,20,5,35,15,40,0,15,7,5,52,25,55,70,15,65
Indiana Pacers,I. Zubac,C,29,84,65,60,40,64,13,70,17,0,35,30,10,25,30,25,10,0,0,30,10,25,30,25,10,0,0,0,0,0,0,30,30,5,5,5,5,35,0,0,15,20,90,85,25,95,65,0,0,75,5,25,55,0,5,95,15,0,0,0,0,0,15,0,99,85,25,5,0,95,0,0,0,0,0,90,35,99,80,0,5,50,15,30,60,50,20,20,0,0,0,25,5,72,5,30,15,55,99
Indiana Pacers,A. Nembhard,PG,26,81,75,60,39,26,17,59,21,9,30,30,23,10,19,27,9,36,70,30,11,24,48,8,8,15,30,25,10,20,15,70,55,95,35,45,10,15,55,40,40,40,0,70,0,25,30,20,55,55,55,20,15,5,70,25,30,15,20,25,45,0,60,30,75,85,35,25,35,35,40,0,0,5,10,70,5,0,45,0,5,5,0,10,0,0,15,15,0,0,0,0,10,60,5,75,75,10,50
Indiana Pacers,A. Nesmith,SF,26,79,70,55,20,34,19,67,14,1,35,30,18,18,36,14,14,60,70,35,26,19,18,13,24,5,30,0,0,0,30,45,45,55,55,5,5,15,40,25,40,30,0,75,5,25,35,40,50,0,0,50,15,5,25,70,15,0,0,0,0,0,15,0,65,85,35,5,10,25,50,0,0,0,5,75,0,0,50,0,5,5,0,10,0,0,15,15,0,0,0,0,10,86,40,65,70,30,90
Indiana Pacers,K. Oubre Jr.,SF,30,79,65,75,37,57,14,53,33,3,50,55,0,33,27,40,0,57,55,60,24,15,19,13,29,15,30,5,5,0,15,60,30,75,40,25,5,15,35,50,25,25,40,75,40,35,45,25,70,40,40,20,35,15,55,40,15,0,0,0,0,0,15,0,70,75,30,10,10,15,30,5,5,15,25,80,0,0,35,0,5,5,0,10,0,0,15,15,0,0,0,0,10,68,5,90,75,30,45
Indiana Pacers,T.J. McConnell,PG,34,79,60,55,95,54,10,54,36,4,35,30,9,4,12,20,55,12,50,30,13,20,20,13,34,35,0,25,25,5,0,95,40,95,5,5,5,15,40,25,30,70,0,0,0,25,30,35,55,5,0,10,35,10,95,5,30,0,5,5,25,5,30,15,75,70,50,35,25,40,35,0,5,10,15,95,0,0,45,0,5,5,0,10,0,0,15,15,0,0,0,0,20,44,5,99,75,10,30
Indiana Pacers,O. Toppin,PF,28,78,60,65,14,54,31,28,41,1,30,30,67,13,13,0,7,53,60,40,30,17,24,16,13,5,5,0,0,0,15,40,45,40,20,5,5,35,55,50,35,20,50,85,75,99,40,10,25,85,90,40,15,5,20,75,15,0,0,0,0,0,15,0,99,80,30,5,5,35,25,0,0,0,5,90,5,95,50,5,35,45,30,10,0,0,15,45,10,25,45,50,5,60,15,55,65,30,65
Indiana Pacers,J. Walker,SF,23,78,65,60,21,23,31,48,21,14,35,30,18,6,14,26,36,58,70,30,7,12,45,24,12,0,0,25,25,0,0,30,30,40,25,5,0,25,0,0,15,5,70,70,15,70,40,5,70,25,5,45,15,5,20,75,15,0,0,0,0,0,15,0,99,75,35,5,0,50,40,0,0,0,5,95,0,99,80,0,15,45,25,10,25,40,55,35,10,25,0,65,5,62,5,90,65,40,45
New Orleans Pelicans,T. Murphy III,SG,26,85,80,60,15,20,27,46,27,2,35,30,0,17,34,8,41,95,80,40,29,12,12,12,35,25,45,25,25,0,0,40,45,50,30,75,5,15,50,50,30,30,75,70,15,50,35,10,40,50,10,50,10,5,20,75,15,0,0,0,0,0,15,0,99,85,30,10,10,15,20,10,20,30,40,65,0,0,60,0,15,40,0,10,0,0,15,15,0,0,0,0,5,30,5,65,80,25,55
New Orleans Pelicans,Z. Williamson,PF,26,85,75,80,57,99,19,56,25,1,45,45,0,67,33,0,0,3,25,45,6,28,6,32,28,5,0,0,0,0,0,60,50,95,50,5,5,25,75,25,85,30,55,80,55,85,50,45,55,5,30,65,95,40,40,20,80,0,0,20,40,20,60,20,70,95,30,15,10,90,0,15,30,70,90,55,60,80,90,40,40,60,30,45,45,60,25,25,70,30,0,15,5,52,25,75,75,30,50
New Orleans Pelicans,D. Murray,PG,30,82,70,90,63,40,19,61,20,15,50,50,27,22,27,10,14,72,70,40,28,19,14,19,20,55,35,40,25,0,20,75,60,95,40,10,10,30,60,60,50,45,0,60,5,35,30,20,40,10,80,10,35,40,45,15,90,15,45,25,60,60,75,70,25,85,35,35,5,10,30,10,30,50,70,55,0,0,35,0,15,15,0,10,0,0,15,15,0,0,0,0,5,36,40,95,95,15,40
New Orleans Pelicans,S. Bey,SF,27,80,75,70,18,40,22,46,32,1,35,30,32,13,19,10,26,63,90,40,28,16,18,18,20,20,40,20,25,0,20,45,60,45,20,55,0,30,25,25,25,10,50,70,25,40,55,15,55,5,5,50,20,5,20,75,15,0,0,0,15,0,15,0,75,80,30,15,5,30,60,0,5,5,10,75,20,75,65,25,5,45,0,15,0,0,15,35,0,0,0,0,5,30,5,55,60,10,40
New Orleans Pelicans,H. Jones,SF,27,79,60,60,12,33,50,50,0,4,35,30,0,0,0,100,0,42,65,30,47,15,8,8,22,5,25,0,0,0,15,35,30,40,40,10,0,25,25,35,25,10,40,70,10,30,30,5,45,50,0,50,20,5,65,30,15,0,0,0,0,0,15,0,75,80,30,10,5,55,20,0,0,0,5,80,0,0,60,0,5,5,0,10,0,0,15,15,0,0,0,0,20,70,60,95,90,35,75
New Orleans Pelicans,D. Queen,PF,21,79,65,55,8,22,15,58,27,35,30,30,20,10,25,18,27,68,80,35,24,19,18,16,23,0,5,26,27,0,0,35,40,30,25,40,5,40,0,0,0,20,40,65,15,35,40,20,45,5,5,50,20,5,20,75,15,0,0,0,0,0,15,0,99,80,20,10,0,90,0,0,0,5,5,80,10,95,60,5,20,30,20,10,20,30,40,30,5,0,10,10,20,54,5,50,20,25,70
New Orleans Pelicans,B. Mathurin,SG,24,79,70,65,41,55,23,24,53,9,35,40,32,20,9,20,19,50,65,40,27,12,13,16,32,30,50,50,45,20,25,65,70,95,15,55,10,30,60,80,50,40,40,75,5,25,40,60,40,25,55,20,45,15,25,55,60,0,5,0,20,5,40,20,75,85,25,20,5,25,45,5,10,20,30,60,5,85,45,15,5,5,0,10,0,0,25,25,0,0,0,0,5,54,5,40,65,15,50
New Orleans Pelicans,J. Fears,PG,19,79,70,55,43,34,25,49,26,15,30,30,12,15,24,27,22,82,75,20,20,25,14,21,20,25,40,40,35,10,0,50,40,95,25,65,5,15,50,50,40,50,0,50,5,25,30,35,40,55,55,20,30,30,50,20,50,10,30,15,35,15,25,25,75,70,35,45,90,0,15,5,15,30,50,60,0,0,40,0,5,5,0,10,0,0,15,15,0,0,0,0,20,58,5,55,65,10,40
New Orleans Pelicans,Y. Missi,C,22,75,50,45,22,46,13,67,20,1,40,30,0,23,8,38,31,0,0,30,10,25,30,25,10,0,0,0,0,0,0,35,30,15,5,65,5,25,0,0,15,5,75,70,60,30,60,5,65,5,5,50,35,5,5,90,15,0,0,0,0,0,15,0,99,80,30,5,5,95,0,0,0,5,5,95,5,90,80,10,5,55,0,10,20,10,15,15,0,25,0,20,5,94,5,40,30,30,99
Detroit Pistons,C. Cunningham,PG,25,94,90,90,70,52,22,38,40,22,60,55,5,24,33,33,5,58,85,50,11,15,38,16,20,50,50,50,40,40,20,80,70,95,30,30,10,45,75,65,60,40,45,75,5,25,25,25,50,35,45,20,50,40,50,10,80,0,20,15,45,20,80,60,60,90,35,35,25,15,40,40,50,70,85,40,25,40,50,25,15,15,0,25,0,0,25,25,15,0,15,10,5,54,5,60,75,15,65
Detroit Pistons,A. Thompson,SF,23,85,60,70,24,53,30,46,24,6,35,35,57,12,12,19,0,26,50,25,34,10,12,9,35,10,5,0,0,20,5,50,30,65,50,35,5,30,65,50,50,30,55,85,60,80,55,30,55,55,55,25,30,5,45,50,70,0,0,0,55,0,55,15,70,85,30,10,0,75,10,0,0,50,60,75,5,0,35,0,15,25,0,10,0,0,30,45,15,20,55,25,5,80,5,95,90,45,75
Detroit Pistons,J. Duren,C,22,85,70,50,33,78,19,41,40,2,35,30,0,18,27,55,0,1,0,0,0,50,50,0,0,0,0,0,0,0,0,0,0,35,15,5,5,35,0,0,15,15,95,95,75,99,70,5,80,75,0,30,35,10,5,95,15,0,0,0,0,0,15,0,99,90,20,5,0,95,0,0,5,10,15,90,20,85,80,15,60,60,50,15,50,30,15,15,0,25,0,30,5,78,99,50,65,35,99
Detroit Pistons,D. Robinson,SG,32,79,65,65,18,19,20,50,30,1,30,30,14,14,36,0,36,89,95,65,21,19,18,19,23,30,60,0,5,0,25,45,85,65,10,5,5,25,15,15,25,40,0,40,0,25,25,10,55,0,30,50,10,5,45,55,15,0,0,0,25,0,20,0,75,70,50,10,5,0,90,0,0,0,5,95,0,0,0,0,5,5,0,10,0,0,15,15,0,0,0,0,10,62,5,60,30,15,45
Detroit Pistons,J. Collins,PF,29,79,65,70,37,55,31,26,43,5,40,30,10,24,4,34,28,44,60,30,25,13,10,16,36,10,20,0,0,0,10,10,10,45,35,5,5,40,10,10,15,20,70,85,70,99,55,5,75,5,5,50,40,5,15,80,15,0,0,0,0,0,15,0,99,80,30,5,40,60,20,0,0,5,10,90,25,85,65,15,5,5,0,20,0,0,45,25,0,35,35,35,10,72,5,40,50,40,85
Detroit Pistons,D. Jenkins,PG,25,79,60,55,21,24,0,100,0,35,25,25,10,25,30,25,10,99,80,30,0,36,36,10,18,5,45,30,30,0,0,25,40,45,15,60,5,15,30,30,25,45,0,50,0,25,45,15,50,50,5,0,40,5,80,15,30,0,0,0,0,0,30,15,75,70,40,25,5,15,75,5,10,15,20,90,0,0,45,0,15,15,0,10,0,0,15,15,0,0,0,0,5,20,5,45,15,15,55
Detroit Pistons,I. Joe,SG,27,78,60,50,12,12,16,53,31,8,30,30,10,10,50,20,10,88,85,50,13,19,21,23,24,10,35,35,35,0,5,60,75,30,10,55,0,15,30,40,30,25,0,0,0,25,30,0,30,5,5,50,5,5,65,30,15,0,0,0,0,0,15,0,75,75,35,10,0,0,40,0,0,5,5,70,0,0,45,0,5,5,0,10,0,0,15,15,0,0,0,0,50,44,5,55,60,20,55
Detroit Pistons,P. Reed,C,27,77,55,60,31,60,17,83,0,5,40,25,0,50,17,33,0,13,25,25,17,0,0,17,66,0,0,27,25,0,0,30,25,30,15,5,5,15,0,0,0,5,70,95,30,85,70,35,60,50,0,50,30,5,10,85,15,0,0,0,0,0,15,0,99,80,20,5,0,70,0,0,0,0,0,95,10,95,60,5,5,15,0,10,15,10,35,35,0,0,0,0,5,90,10,99,40,60,99
Detroit Pistons,K. Huerter,SG,28,75,65,75,25,23,15,51,33,2,35,35,3,19,38,28,12,79,95,50,16,19,16,26,23,10,50,25,25,0,35,50,60,45,30,10,5,40,25,25,25,25,0,60,5,30,30,10,60,0,30,50,15,5,70,30,15,0,0,0,25,0,20,0,75,75,30,10,20,10,75,0,0,0,5,95,0,0,0,0,5,5,0,10,0,0,15,15,0,0,0,0,5,62,5,85,75,20,65
Toronto Raptors,K. Leonard,SF,35,93,95,90,73,38,13,51,36,17,60,60,11,19,21,35,14,50,80,55,16,14,30,25,15,70,45,10,10,30,20,90,70,95,30,10,5,40,65,65,55,30,50,75,40,40,35,35,50,75,90,15,30,40,15,45,15,0,10,0,30,0,35,10,75,90,25,5,5,45,40,50,50,80,95,45,40,80,60,25,5,25,5,40,20,0,65,55,0,0,20,20,5,30,10,95,85,30,60
Toronto Raptors,S. Barnes,PF,25,88,80,75,48,52,29,46,25,11,40,40,16,23,33,20,8,51,60,20,16,24,28,16,16,30,25,40,25,0,20,50,40,95,40,35,10,40,50,40,75,30,65,80,35,40,45,25,40,25,50,25,40,25,30,45,80,0,20,0,60,20,60,40,65,90,35,25,20,60,20,5,10,30,75,50,40,90,70,40,15,40,0,40,40,20,30,25,15,0,25,20,5,40,10,75,85,50,80
Toronto Raptors,I. Quickley,PG,27,82,70,70,52,23,5,58,37,9,30,30,10,25,15,25,25,79,85,35,38,15,7,21,19,25,35,45,45,5,40,70,80,95,35,40,10,15,50,75,40,65,0,60,10,25,25,5,60,35,35,15,15,40,40,20,20,5,5,0,0,0,15,5,75,80,35,15,85,0,50,5,25,35,60,65,0,0,0,0,5,5,0,10,0,0,15,15,0,0,0,0,5,44,25,55,65,10,60
Toronto Raptors,R.J. Barrett,SG,26,82,80,80,49,72,32,49,19,3,50,45,18,9,29,19,25,49,75,40,29,14,18,19,20,30,35,40,40,5,20,70,60,95,60,35,5,35,60,80,50,50,25,65,45,35,35,10,55,65,20,50,45,30,50,20,15,0,0,0,5,5,20,5,75,85,35,5,45,15,20,30,40,50,65,55,15,95,50,5,5,5,0,10,0,0,85,60,0,0,0,0,5,50,5,55,65,15,70
Toronto Raptors,C. Murray-Boyles,C,21,80,60,65,34,52,23,52,25,4,30,20,0,22,19,22,37,37,75,20,27,13,12,16,32,5,10,0,0,0,0,0,0,90,50,15,5,25,0,0,15,10,50,65,10,40,45,25,50,0,0,50,40,5,25,70,30,0,0,0,0,0,30,15,75,75,40,15,15,70,10,0,5,5,10,80,15,90,60,10,5,5,0,10,0,0,15,15,0,0,0,0,5,56,45,70,35,25,85
Toronto Raptors,J. Poeltl,C,30,79,60,65,40,64,17,56,27,0,60,30,10,25,30,25,10,0,0,0,10,25,30,25,10,20,0,0,0,0,0,0,0,10,20,5,5,40,0,0,15,40,55,70,25,35,60,0,55,85,0,30,50,5,5,90,15,0,0,0,0,0,15,0,99,85,25,5,5,99,0,0,0,0,0,80,20,95,80,5,5,20,10,15,35,25,15,15,0,0,0,25,5,82,5,55,70,70,99
Toronto Raptors,J. Walter,SG,22,76,55,50,6,3,22,67,11,2,30,30,5,20,41,21,13,58,80,35,28,13,13,22,24,5,0,25,25,0,8,35,35,5,20,5,5,15,15,35,15,5,0,70,0,25,25,30,30,5,5,50,0,0,45,55,15,0,0,0,5,0,15,5,95,70,40,10,25,0,60,0,0,0,0,90,0,0,50,0,5,5,0,10,0,0,15,15,0,0,0,0,5,50,5,45,65,15,50
Toronto Raptors,J. Shead,PG,24,76,60,60,26,22,11,45,44,17,30,30,12,13,38,12,25,72,70,35,19,31,31,12,7,15,15,40,35,10,0,55,45,65,15,65,5,15,50,50,45,60,0,0,0,25,30,70,70,5,5,10,15,30,50,20,30,25,20,20,30,15,60,20,75,70,45,35,15,0,70,0,5,5,15,90,0,0,0,0,5,5,0,10,0,0,15,15,0,0,0,0,5,62,5,99,70,20,30
Toronto Raptors,J. Battle,SF,25,74,30,60,34,11,24,57,19,11,5,55,26,5,18,13,38,46,80,50,31,14,10,16,29,20,5,27,27,30,20,15,10,15,10,1,10,0,15,15,15,15,0,70,0,25,5,20,40,0,20,40,0,5,50,45,10,5,10,10,20,5,20,5,99,75,25,25,5,0,45,0,0,5,10,95,5,0,30,0,0,0,0,10,0,0,39,54,0,15,0,0,10,32,5,45,25,10,50
Houston Rockets,K. Durant,SF,38,93,95,90,75,28,29,40,31,30,55,75,11,25,23,31,10,52,85,50,17,19,26,22,16,90,60,70,60,30,20,75,60,95,45,20,5,45,65,80,30,40,50,75,35,35,30,25,45,25,55,20,35,40,30,30,70,0,20,20,70,20,85,55,60,90,35,25,15,10,45,50,65,85,95,40,45,90,65,30,30,15,15,40,0,0,40,60,30,25,30,0,10,34,55,50,65,40,60
Houston Rockets,A. Şengün,C,24,87,80,70,67,79,25,58,17,7,40,30,8,28,38,16,10,20,40,30,6,20,52,18,4,10,5,0,0,0,10,40,30,80,35,5,5,45,70,50,50,35,50,60,15,25,55,5,40,50,15,35,65,25,15,75,30,0,15,15,0,0,40,30,80,85,40,50,25,80,20,5,10,30,50,65,80,90,80,30,40,25,20,60,50,50,20,15,55,0,15,60,10,74,55,85,75,30,99
Houston Rockets,A. Thompson,SG,23,86,70,75,22,73,9,67,24,5,30,30,14,13,29,28,16,15,50,30,15,26,16,29,14,25,5,30,30,20,0,80,50,80,40,40,10,30,65,80,65,30,50,80,35,25,60,50,20,55,55,10,25,30,65,5,20,20,15,20,30,15,45,10,75,85,35,50,65,80,0,10,25,50,60,60,0,0,35,0,5,25,0,10,0,0,35,15,0,0,0,0,5,74,5,99,85,35,65
Houston Rockets,J. Smith Jr.,PF,23,80,70,65,30,28,30,43,26,9,35,30,6,24,22,35,13,56,70,35,15,21,22,24,18,35,30,0,5,25,20,70,50,30,45,5,0,40,70,50,40,30,55,70,25,25,45,0,40,55,0,50,20,10,20,75,15,0,0,0,0,0,15,0,75,80,30,5,20,30,30,5,15,25,35,65,20,70,60,30,5,20,0,15,0,0,15,15,0,0,0,0,5,60,99,60,50,30,85
Houston Rockets,F. VanVleet,PG,32,79,75,90,22,17,21,50,29,18,45,45,17,14,31,29,9,79,90,55,18,19,27,21,15,20,45,20,35,10,20,80,80,70,15,5,5,35,50,35,45,60,0,0,0,25,25,70,40,5,5,10,15,10,80,5,30,25,20,20,30,15,60,20,70,70,45,35,50,0,80,10,25,40,50,60,0,0,30,0,5,5,0,10,0,0,15,15,0,0,0,0,5,50,40,95,85,30,45
Houston Rockets,R. Sheppard,PG,22,79,70,75,28,21,23,47,30,19,30,30,22,12,26,15,25,75,95,35,18,27,26,19,10,15,40,0,5,0,25,55,55,70,20,50,5,40,25,40,40,50,0,30,5,25,35,50,55,55,25,20,15,5,80,15,45,0,30,15,30,15,45,15,75,70,40,10,5,10,60,0,0,25,40,80,0,0,45,0,15,5,0,10,0,0,15,15,0,0,0,0,10,46,5,75,65,45,80
Houston Rockets,M. Smart,SF,32,79,60,65,39,17,20,48,32,5,30,30,18,10,33,21,18,80,75,40,21,26,21,21,11,25,35,25,25,15,25,45,55,85,30,25,10,35,30,40,55,40,0,40,5,30,30,35,60,60,30,10,25,10,60,30,60,15,15,15,30,30,45,30,55,75,35,60,95,40,70,0,5,10,20,75,25,0,60,25,15,20,0,20,0,0,15,30,0,0,0,0,40,64,50,99,85,15,50
Houston Rockets,T. Eason,SF,25,78,65,60,26,72,44,22,34,7,30,30,14,14,29,0,43,37,80,30,34,15,8,11,32,5,30,28,27,25,0,40,35,45,35,45,5,25,15,55,55,15,60,85,25,35,75,20,70,50,20,30,35,5,25,70,50,0,15,0,15,0,50,30,80,80,25,15,20,15,0,0,0,5,10,95,10,40,70,60,5,20,0,10,0,0,15,15,0,0,0,0,5,76,5,99,90,45,95
Houston Rockets,C. Capela,C,32,74,50,65,25,93,12,67,21,1,25,25,0,0,33,67,0,0,0,25,10,25,30,25,10,0,0,0,0,0,0,25,25,10,5,5,0,15,0,0,15,5,99,85,60,99,99,10,20,5,5,50,0,5,5,95,15,0,0,0,0,0,15,0,99,85,20,5,5,99,0,0,0,0,0,95,15,99,80,0,25,10,30,15,40,10,15,15,0,25,0,5,30,62,5,55,30,65,99
San Antonio Spurs,V. Wembanyama,C,22,97,90,85,51,68,34,28,38,16,25,60,10,24,33,20,13,67,75,50,11,26,33,18,12,30,40,30,30,10,25,60,25,55,15,50,15,30,60,60,65,15,85,95,50,99,60,40,45,45,75,20,60,25,35,40,60,0,15,15,30,0,45,15,60,90,30,30,15,50,50,30,40,70,90,40,80,65,60,40,15,40,0,50,25,15,60,65,25,10,0,30,20,52,35,99,75,99,99
San Antonio Spurs,S. Castle,SG,21,87,70,80,35,72,32,49,19,5,35,45,18,9,29,19,25,49,75,40,29,14,18,19,20,25,25,40,30,5,20,60,40,95,50,30,15,35,60,65,50,40,40,80,45,35,35,10,55,65,20,50,45,30,40,30,15,0,0,0,5,5,20,5,75,85,40,5,45,25,20,30,40,50,65,55,15,95,50,5,5,5,0,10,0,0,85,60,0,0,0,0,5,50,5,55,75,15,70
San Antonio Spurs,D. Harper,PG,20,85,70,70,32,42,18,52,30,7,30,30,6,17,22,33,22,69,75,35,18,22,24,24,12,25,40,60,50,45,30,60,50,95,35,40,15,40,75,80,60,50,0,60,15,25,30,25,50,35,75,25,25,40,45,15,25,20,5,10,35,5,55,10,50,80,40,40,0,0,60,20,30,50,75,60,0,0,20,0,5,5,0,10,0,0,15,15,0,0,0,0,10,46,20,40,65,10,65
San Antonio Spurs,D. Fox,PG,28,84,80,99,81,35,40,45,15,15,40,40,29,18,28,10,15,79,80,50,21,30,21,18,10,50,25,50,40,5,35,70,60,95,40,25,10,30,60,70,40,60,0,75,10,30,30,15,45,40,50,10,30,30,65,5,90,20,20,5,75,40,90,60,45,80,40,45,55,0,35,25,40,60,75,55,10,0,20,5,5,5,0,10,0,0,25,20,0,0,0,0,5,52,55,99,85,15,45
San Antonio Spurs,D. Vassell,SF,26,81,70,75,44,32,24,45,31,22,55,55,20,12,25,17,26,71,85,55,28,16,10,15,31,55,55,25,30,20,20,75,70,95,30,65,5,25,30,40,30,25,40,80,10,35,30,35,70,95,95,20,25,10,65,25,15,0,5,5,20,0,25,5,70,75,30,10,0,20,65,5,5,40,60,70,0,0,60,0,5,5,0,10,0,0,15,15,0,0,0,0,5,24,5,75,80,15,35
San Antonio Spurs,T. Harris,PF,34,81,65,80,49,46,28,54,18,10,45,40,8,18,31,35,8,39,80,35,22,17,19,18,24,30,35,30,20,20,10,65,40,80,30,20,0,35,40,30,30,30,55,70,30,35,40,15,35,50,20,30,30,20,20,60,45,0,0,0,15,0,30,15,75,80,30,10,40,15,40,5,10,20,40,60,45,90,65,10,35,40,25,35,5,0,45,15,5,25,0,5,5,34,5,55,75,25,55
San Antonio Spurs,J. Champagnie,PF,25,79,65,65,8,21,33,50,17,2,35,30,20,20,20,20,20,68,85,45,11,6,23,37,23,0,50,25,25,20,35,40,35,30,30,30,0,15,25,25,25,25,45,60,5,30,30,15,45,5,5,50,10,5,45,55,15,0,0,0,0,0,15,0,55,75,30,15,15,15,65,0,10,15,20,80,0,0,35,0,5,5,0,10,0,0,15,15,0,0,0,0,5,38,5,70,65,35,65
San Antonio Spurs,K. Johnson,SG,26,79,65,80,34,51,12,44,44,3,50,50,50,50,0,0,0,65,80,40,100,0,0,0,0,10,10,25,25,30,25,70,50,95,65,15,10,35,40,40,40,30,40,75,35,35,40,20,45,0,20,40,40,10,40,50,15,5,10,10,20,5,20,5,75,85,30,25,0,40,30,0,5,10,15,65,10,85,70,15,5,5,0,10,0,0,40,55,0,15,0,0,5,52,5,55,60,15,50
San Antonio Spurs,L. Kornet,C,31,76,50,45,8,66,7,73,20,0,30,25,33,0,0,33,34,0,35,25,10,25,30,25,10,0,0,25,25,0,0,25,25,5,5,5,0,15,0,0,0,5,50,75,0,99,70,5,60,5,5,50,20,0,10,90,15,0,0,0,0,0,15,0,99,85,20,5,0,95,40,0,0,0,0,95,5,99,65,0,5,35,0,10,25,5,15,25,0,0,10,25,5,56,5,40,30,70,99
Phoenix Suns,D. Booker,SG,29,91,90,99,69,33,24,48,28,29,50,70,14,25,26,28,7,61,90,65,14,27,28,21,10,75,50,60,50,25,15,75,55,95,55,20,10,40,50,70,50,45,0,60,15,25,30,40,45,35,45,20,20,35,45,20,60,15,30,30,70,15,85,70,70,85,40,30,50,15,50,50,65,75,95,45,15,85,60,15,45,55,0,10,0,0,55,45,5,0,0,0,5,60,85,50,70,15,45
Phoenix Suns,D. Brooks,SF,30,82,80,75,31,29,17,54,29,4,35,35,17,16,20,24,23,60,80,45,14,26,19,26,15,10,35,5,5,0,30,80,65,50,50,10,5,30,25,30,20,25,0,60,35,25,35,20,55,0,40,15,20,5,45,45,15,0,5,0,35,0,15,5,65,75,35,20,5,10,60,0,10,20,30,65,20,95,65,5,5,10,0,15,0,0,15,15,0,0,0,0,5,78,99,55,80,10,60
Phoenix Suns,J. Green,SG,24,81,80,85,29,53,24,43,33,18,55,55,34,0,24,14,28,84,85,60,19,24,23,18,16,20,45,30,50,40,20,50,85,90,35,20,5,30,65,75,35,30,0,75,35,45,30,40,55,35,70,15,35,30,50,20,20,5,10,10,30,40,35,10,75,80,30,35,15,20,40,15,25,40,50,50,0,0,0,0,5,5,0,10,0,0,15,15,0,0,0,0,5,32,25,55,70,15,50
Phoenix Suns,M. Bridges,PF,28,80,75,75,34,58,27,34,39,14,25,45,15,10,7,3,65,63,60,30,20,16,19,17,28,15,25,10,25,0,15,25,25,95,35,55,5,30,50,25,50,20,55,75,85,65,35,20,70,0,40,15,30,25,25,55,15,0,5,0,35,0,15,0,90,85,35,5,10,25,25,5,10,25,40,55,20,80,65,20,5,10,0,15,0,0,15,15,0,0,0,0,5,32,20,50,65,20,70
Phoenix Suns,C. Gillespie,PG,27,79,65,50,16,22,26,43,31,11,30,75,16,27,23,18,16,61,45,75,11,33,27,18,11,40,30,26,26,0,12,50,40,60,25,45,5,25,20,25,15,60,0,70,5,25,25,30,50,30,30,55,5,0,99,0,30,0,0,0,30,0,30,15,50,70,45,30,5,0,40,0,0,0,5,90,0,0,35,0,5,5,0,10,0,0,15,15,0,0,0,0,5,76,5,99,50,5,70
Phoenix Suns,M. Williams,C,24,78,60,60,19,88,27,47,26,0,40,30,36,10,26,9,19,0,0,30,10,25,30,25,10,0,0,25,25,0,0,30,30,5,10,5,0,25,0,0,15,15,80,75,20,99,95,0,65,5,5,50,30,0,5,95,15,0,0,0,0,0,15,0,99,90,20,5,0,99,0,0,0,0,0,95,15,90,75,10,5,50,30,10,25,15,15,15,10,0,15,30,5,70,5,70,40,45,99
Phoenix Suns,O. Ighodaro,C,24,75,50,70,47,64,18,70,12,0,60,30,14,43,14,29,0,16,25,30,33,0,0,0,67,15,0,25,25,15,0,40,30,15,15,5,5,15,40,0,70,45,70,80,35,40,65,55,15,25,25,50,20,5,20,75,45,0,30,0,0,15,30,15,80,80,20,15,10,95,0,0,0,0,5,95,0,99,65,0,25,15,25,10,15,0,35,50,0,0,0,0,5,42,5,70,50,55,55
Phoenix Suns,J. Goodwin,PG,27,75,60,60,37,35,0,0,100,2,30,30,10,25,30,25,10,48,80,35,0,0,0,100,0,20,5,85,25,20,0,80,55,85,5,5,10,15,75,80,70,35,0,0,35,25,55,25,85,5,5,50,25,5,85,10,40,25,20,15,60,15,80,20,75,75,40,45,99,45,0,0,5,5,10,90,0,0,50,0,5,5,0,10,0,0,15,15,0,0,0,0,5,52,5,99,45,25,50
Phoenix Suns,L. Kennard,SG,30,75,60,60,14,8,13,67,20,6,35,35,7,25,33,20,15,86,95,55,26,19,20,12,23,10,55,29,28,25,15,60,60,60,10,20,5,15,20,15,15,40,0,25,0,30,25,10,80,0,0,50,5,5,65,30,15,0,0,0,35,0,20,0,75,70,40,10,5,0,80,0,0,0,0,90,0,0,0,0,5,5,0,10,0,0,15,15,0,0,0,0,5,28,5,40,25,10,35
Oklahoma City Thunder,S. Gilgeous-Alexander,PG,28,97,99,99,91,64,40,38,22,17,55,50,26,20,26,13,15,38,70,40,23,25,13,29,10,45,50,70,40,20,25,80,70,99,50,25,15,40,85,95,65,40,0,65,0,30,30,45,40,40,40,20,40,50,40,10,95,15,65,35,65,50,95,80,45,90,35,45,5,10,20,40,60,75,90,40,30,0,60,25,15,5,0,30,0,0,85,75,15,0,0,25,5,52,5,99,85,30,70
Oklahoma City Thunder,C. Holmgren,PF,24,86,70,75,34,51,24,45,31,5,60,50,9,17,29,34,11,52,80,30,21,26,25,17,11,20,25,15,0,30,20,55,50,80,10,5,0,30,65,50,50,20,65,85,60,99,50,15,65,75,75,5,35,10,25,65,30,0,15,15,60,30,45,15,70,80,20,15,0,45,50,0,5,10,15,65,10,90,45,10,5,10,10,10,15,10,40,35,5,0,55,50,10,58,10,45,60,90,99
Oklahoma City Thunder,J. Williams,SF,25,85,80,70,58,50,34,37,29,14,30,40,12,35,15,36,2,39,85,30,18,25,22,22,13,25,40,50,35,20,15,60,50,95,30,20,5,30,70,65,50,35,55,75,0,45,30,25,40,45,45,25,30,30,30,40,40,35,30,35,40,30,45,20,90,85,35,5,35,15,40,10,25,40,50,50,0,0,50,0,5,5,0,10,0,0,15,15,0,0,0,0,5,56,5,99,85,25,50
Oklahoma City Thunder,I. Hartenstein,C,28,82,60,55,19,49,16,75,9,1,45,30,0,0,50,50,0,1,10,0,0,0,66,34,0,10,0,0,0,0,0,25,0,10,15,75,0,15,0,0,0,25,75,80,0,40,65,15,10,75,5,50,30,5,5,90,15,0,0,0,0,0,15,0,99,85,25,5,10,95,0,0,0,5,5,85,5,99,60,0,5,40,20,10,50,40,15,15,0,0,0,25,5,80,15,90,65,55,99
Oklahoma City Thunder,A. Mitchell,PG,24,82,70,65,25,27,24,41,35,6,30,30,23,14,13,8,42,99,70,40,23,23,19,19,16,20,35,25,25,25,12,70,90,50,30,75,5,30,55,50,40,50,0,60,50,25,35,25,45,55,55,25,15,10,75,15,15,0,20,0,50,10,35,10,75,75,35,35,30,15,0,0,10,15,25,80,0,0,0,0,5,5,0,10,0,0,15,15,0,0,0,0,5,26,5,45,15,15,45
Oklahoma City Thunder,C. Wallace,SG,22,81,60,70,15,23,6,72,22,6,30,30,6,17,22,34,21,50,75,35,16,28,17,23,16,5,30,30,30,15,0,45,65,40,30,5,10,15,50,40,40,40,0,65,15,35,30,35,55,75,75,20,10,5,80,15,30,10,10,10,20,10,40,20,75,75,35,40,30,40,30,0,0,5,10,80,0,0,55,0,5,5,0,10,0,0,15,15,0,0,0,0,5,54,5,99,90,30,70
Oklahoma City Thunder,A. Caruso,SF,32,81,55,55,11,23,13,58,29,3,35,30,6,33,22,28,11,59,75,30,30,11,10,16,33,5,35,5,5,0,15,35,35,55,15,5,0,25,20,20,35,35,0,55,45,25,30,25,60,10,5,50,15,5,60,35,15,5,5,0,15,5,20,5,75,75,35,10,20,35,50,0,0,0,5,85,0,0,30,0,5,5,0,10,0,0,15,15,0,0,0,0,20,64,5,99,85,40,70
Oklahoma City Thunder,J. McCain,PG,22,78,65,75,16,25,40,43,17,20,30,30,33,34,0,0,33,75,80,35,14,25,17,31,13,20,45,0,25,25,25,40,60,60,20,25,5,40,20,30,10,35,0,60,5,35,25,10,45,5,55,35,15,5,65,25,15,5,5,5,30,5,35,5,75,80,30,10,5,0,75,0,10,20,30,70,0,0,0,0,5,5,0,10,0,0,15,15,0,0,0,0,5,30,15,60,60,25,30
Oklahoma City Thunder,J. Williams,C,24,77,55,55,12,20,100,0,0,2,55,25,33,0,0,34,33,58,60,25,14,14,29,29,14,0,0,25,25,0,0,25,25,15,20,5,5,15,0,0,0,25,50,70,5,25,35,10,70,55,0,50,10,5,5,90,15,0,0,0,0,0,15,0,99,80,20,5,0,30,0,0,0,0,0,95,0,99,60,0,5,40,0,10,15,15,15,15,0,5,0,15,80,78,5,70,50,40,99
Minnesota Timberwolves,A. Edwards,SG,25,95,95,99,55,55,4,27,69,30,50,55,5,9,10,15,61,75,80,60,4,5,25,42,24,50,50,60,65,30,30,75,75,95,45,30,15,30,75,80,65,30,40,80,90,30,35,65,35,55,55,25,35,55,35,10,20,0,0,5,15,5,15,0,70,90,30,25,10,25,45,55,65,90,95,40,20,0,45,5,5,25,0,15,5,0,15,15,0,20,0,5,5,36,80,70,80,20,35
Minnesota Timberwolves,L. Ball,PG,25,86,85,90,51,59,14,52,34,5,30,40,3,39,21,32,5,99,95,40,19,26,21,20,14,30,60,40,70,15,35,75,90,95,30,30,10,35,50,85,60,75,0,65,5,25,40,45,50,40,50,10,50,50,45,5,85,0,25,15,70,55,70,40,15,85,45,80,99,0,70,40,50,75,90,40,0,0,0,0,5,5,0,10,0,0,15,15,0,0,0,0,5,80,5,99,75,10,35
Minnesota Timberwolves,J. McDaniels,SF,26,85,70,65,31,29,24,42,34,3,30,30,22,16,25,19,18,44,90,35,19,30,14,20,17,15,40,5,5,0,10,55,35,60,65,5,5,25,40,50,25,30,50,70,80,30,35,43,40,5,5,50,25,5,50,45,15,0,0,0,0,0,15,5,85,80,30,15,10,30,40,0,0,5,5,75,5,80,45,20,5,5,0,10,0,0,15,15,0,20,0,0,5,74,55,75,85,25,70
Minnesota Timberwolves,R. Gobert,C,34,84,60,55,13,71,18,64,18,1,10,10,12,25,12,12,39,0,0,0,0,0,100,0,0,0,0,0,0,0,0,5,0,10,15,5,5,25,0,0,15,5,99,95,50,99,70,5,20,5,5,50,35,0,5,95,15,0,0,0,0,0,15,0,99,90,25,5,0,99,0,0,0,0,0,95,25,95,85,5,35,50,35,15,25,15,15,15,0,0,0,5,5,66,45,55,70,70,99
Minnesota Timberwolves,A. Dosunmu,SG,26,81,70,60,21,43,33,42,25,5,30,30,25,19,30,3,23,48,80,30,35,20,14,9,22,10,30,25,0,20,15,55,30,90,35,65,5,40,65,60,50,40,0,65,0,25,30,25,65,45,45,25,20,5,80,15,20,20,15,20,40,15,45,10,75,80,30,25,15,15,30,0,0,0,5,75,0,0,30,0,5,5,0,10,0,0,15,15,0,0,0,0,5,54,5,55,70,25,65
Minnesota Timberwolves,J. Kuminga,PF,23,78,70,65,58,65,24,47,29,6,40,30,18,15,24,15,28,30,80,35,32,15,7,18,28,25,30,20,20,20,5,40,40,85,30,45,5,15,50,50,50,20,50,90,70,90,45,15,35,5,5,50,50,15,20,70,15,0,0,0,0,0,15,0,99,75,30,20,0,85,5,5,5,15,30,75,40,90,75,10,25,5,0,30,0,0,15,40,0,0,0,0,5,62,5,55,65,25,70
Minnesota Timberwolves,D. DiVincenzo,PG,29,78,65,60,15,29,12,64,24,2,30,30,5,15,30,40,10,99,90,45,17,25,19,23,16,20,40,15,15,0,35,35,50,55,30,20,5,25,55,55,40,50,0,50,10,30,35,40,45,95,95,20,15,5,70,25,15,0,0,0,5,5,25,10,75,80,35,30,0,0,75,0,10,25,50,85,0,0,30,0,5,5,0,10,0,0,15,15,0,0,0,0,5,50,30,99,80,20,45
Minnesota Timberwolves,T. Shannon Jr.,SF,26,75,55,75,37,57,14,53,33,3,50,55,0,33,27,40,0,57,75,60,24,15,19,13,29,15,10,5,5,0,20,95,80,75,40,15,5,15,35,10,25,25,40,85,60,35,45,25,70,40,40,20,35,15,55,40,15,0,0,0,0,0,15,0,70,80,30,10,10,30,30,5,5,15,25,80,0,0,35,0,5,5,0,10,0,0,15,15,0,0,0,0,10,68,5,90,45,30,45
Minnesota Timberwolves,N. Hyland,PG,26,74,60,65,38,33,25,50,25,6,30,30,16,22,27,21,14,90,75,40,9,26,28,27,10,25,25,25,25,20,8,80,99,90,15,60,5,15,55,80,75,40,0,0,0,25,25,55,20,5,5,50,25,30,60,10,25,20,20,10,60,20,65,25,75,70,40,25,20,0,0,10,15,30,65,60,5,0,0,0,5,5,0,10,0,0,15,15,0,0,0,0,5,68,5,55,55,15,40
Portland Trail Blazers,D. Avdija,SF,25,88,80,55,31,56,21,58,21,4,30,30,0,18,9,64,9,37,80,40,27,12,14,17,30,20,35,25,25,0,10,35,45,95,20,35,5,40,35,45,25,30,40,75,25,30,40,15,80,55,60,30,30,15,25,70,30,0,15,15,60,15,40,10,90,80,30,5,5,40,55,5,10,30,50,70,10,0,45,0,5,5,0,10,0,0,15,15,0,0,0,0,5,60,5,50,75,25,80
Portland Trail Blazers,D. Lillard,PG,36,86,85,95,31,44,29,47,24,17,55,55,25,13,13,22,27,87,95,75,7,30,28,27,8,40,70,70,70,35,35,75,85,95,25,25,10,25,65,20,40,35,0,50,0,25,30,15,30,30,55,15,45,40,50,10,20,20,10,10,45,15,35,10,40,85,35,45,5,0,75,50,65,80,95,45,0,50,40,50,5,5,0,10,0,0,15,15,0,0,0,0,10,38,20,80,70,15,30
Portland Trail Blazers,J. Morant,PG,27,84,80,85,62,66,43,42,15,7,50,50,20,10,32,20,18,55,65,55,10,13,34,29,14,15,0,30,15,5,20,85,70,99,30,5,10,35,60,65,40,60,20,80,85,50,30,60,20,35,55,10,45,35,60,5,95,20,20,20,65,40,80,65,15,90,40,75,90,15,30,40,50,75,95,45,0,0,0,0,5,5,0,10,0,0,15,15,0,0,0,0,10,44,5,55,75,25,40
Portland Trail Blazers,D. Clingan,C,22,82,65,55,40,64,17,56,27,0,60,30,10,25,30,25,10,0,25,25,10,25,30,25,10,10,10,0,0,0,0,0,0,10,20,10,5,45,0,0,15,10,55,70,25,35,60,0,55,85,0,30,50,5,5,90,15,0,0,0,0,0,15,0,99,80,25,5,5,99,0,0,0,0,0,80,20,95,80,5,5,20,10,15,35,25,15,15,0,0,0,25,5,82,5,55,35,70,99
Portland Trail Blazers,J. Holiday,PG,36,82,75,70,29,24,26,46,28,6,45,45,9,19,24,33,15,51,85,50,17,22,19,24,18,25,30,30,20,10,25,85,75,70,35,25,5,35,60,60,50,50,0,60,10,30,30,25,40,65,65,15,25,10,75,5,30,5,5,5,30,5,15,5,75,75,40,30,30,30,60,10,20,30,40,65,20,0,40,5,5,25,0,15,0,0,15,20,0,0,0,5,10,34,5,80,90,30,60
Portland Trail Blazers,S. Sharpe,SG,23,81,85,75,30,44,17,59,21,12,35,35,23,10,19,27,9,61,80,40,11,24,48,8,8,25,20,30,30,35,15,50,70,80,20,55,5,30,40,35,50,20,45,80,60,40,40,45,35,55,20,25,40,20,40,40,75,5,30,15,45,15,60,30,65,85,30,30,62,0,30,5,5,15,25,75,0,0,50,0,5,5,0,10,0,0,15,15,0,0,0,0,5,60,5,60,70,15,50
Portland Trail Blazers,T. Camara,PF,26,80,65,55,14,40,25,63,12,1,35,30,20,10,30,40,0,36,75,30,31,11,9,15,34,15,25,25,25,5,0,45,35,40,10,20,5,25,25,25,25,25,50,75,15,25,60,5,20,0,5,45,10,5,20,75,15,0,0,0,10,5,15,5,95,75,35,5,0,50,45,0,0,0,0,95,0,50,50,0,0,20,0,10,0,0,15,15,5,0,0,0,30,72,5,90,85,25,70
Portland Trail Blazers,S. Henderson,PG,22,79,70,70,48,46,43,42,15,13,50,50,20,10,32,20,18,55,85,40,10,13,34,29,14,35,25,45,40,5,5,70,60,95,30,5,10,35,65,60,45,45,0,75,75,30,35,60,55,35,55,10,30,20,70,10,75,15,15,15,45,30,60,45,30,80,40,70,90,0,15,5,10,20,35,60,0,0,40,0,5,5,0,10,0,0,15,15,0,0,0,0,10,80,5,70,75,15,40
Portland Trail Blazers,R. Williams III,C,28,78,50,45,18,45,43,43,14,15,30,25,25,25,25,25,0,0,0,0,10,25,30,25,10,0,0,0,0,0,0,0,0,5,10,10,0,15,0,0,15,5,80,85,80,99,65,10,50,25,0,75,30,5,5,95,15,0,0,0,0,0,15,0,99,85,15,5,0,95,0,0,0,5,10,95,25,75,85,25,5,25,25,20,10,5,15,15,0,0,0,0,5,99,5,99,60,70,95
Golden State Warriors,S. Curry,PG,38,93,90,99,42,25,28,43,29,17,40,50,13,30,24,23,10,99,95,75,11,27,26,27,9,30,75,40,65,15,30,75,90,95,30,30,10,45,50,50,25,60,0,0,0,25,30,30,40,50,40,10,25,20,80,5,99,25,40,40,70,85,85,55,30,75,40,45,20,0,85,50,65,80,95,40,0,0,0,0,15,5,0,10,0,0,15,15,0,0,0,0,10,34,15,55,75,15,50
Golden State Warriors,J. Butler,SF,37,85,70,95,57,49,19,26,55,8,55,50,21,6,11,15,47,26,60,45,14,15,14,31,26,40,10,40,20,35,5,70,50,95,30,35,10,50,85,60,70,40,45,75,40,50,40,30,45,5,85,30,40,30,25,40,30,0,20,0,20,10,30,0,65,85,35,25,5,55,15,40,40,60,75,50,50,90,65,25,15,35,5,35,0,0,30,30,20,20,20,45,5,24,35,75,90,15,40
Golden State Warriors,K. Porziņģis,C,31,81,70,85,44,45,19,59,22,8,60,50,8,30,40,22,0,62,60,55,7,27,35,24,7,40,15,5,5,30,15,99,55,20,55,15,10,30,0,0,15,10,60,85,25,99,50,15,30,75,75,40,35,10,15,70,15,0,0,0,0,0,15,0,95,80,25,5,10,35,55,10,30,50,75,55,80,90,65,10,5,10,10,55,30,10,45,50,5,0,55,50,5,66,45,45,30,75,99
Golden State Warriors,D. Green,PF,36,79,60,60,24,34,12,59,29,1,35,30,33,0,34,33,0,31,50,30,20,20,24,15,21,0,5,0,0,0,10,25,25,35,15,5,5,25,0,0,15,10,25,50,20,25,40,5,55,0,0,50,15,0,25,75,15,0,0,0,0,0,15,0,75,70,45,30,55,70,30,0,0,0,0,90,10,85,85,15,15,35,0,10,0,0,15,15,0,0,0,30,50,80,99,90,85,40,99
Golden State Warriors,B. Podziemski,PG,23,79,65,55,38,26,24,41,35,3,30,30,23,14,13,8,42,43,80,40,23,23,19,19,16,20,30,35,35,25,12,60,80,80,30,75,10,30,60,45,50,40,0,60,50,25,30,25,45,55,55,25,15,10,75,15,15,0,20,0,50,10,35,10,70,75,35,35,30,10,75,0,5,10,25,80,5,0,55,0,5,5,0,10,0,0,15,15,0,0,0,0,70,44,5,70,75,15,50
Golden State Warriors,G. Santos,SF,24,78,60,50,13,39,28,72,0,0,55,25,50,20,10,10,10,51,60,55,25,18,12,24,21,5,5,25,25,0,0,35,25,35,20,35,0,15,0,20,0,35,0,65,5,25,45,20,50,5,5,50,0,0,0,0,25,0,5,0,30,0,15,0,60,75,25,5,0,50,35,0,0,0,0,95,0,0,50,0,0,0,0,10,0,0,15,15,0,15,0,0,5,86,5,45,25,15,80
Golden State Warriors,A. Horford,C,40,77,60,65,10,21,20,50,30,2,35,30,23,11,31,5,30,53,60,40,11,20,40,16,13,0,20,0,0,0,20,35,35,10,15,5,5,30,15,0,25,5,50,70,20,40,35,5,70,40,30,30,15,5,20,75,15,0,0,0,0,0,15,0,95,75,35,5,15,35,75,0,0,0,0,95,20,99,90,0,15,30,50,25,30,30,70,15,10,15,15,0,5,38,5,45,30,45,99
Golden State Warriors,M. Moody,SF,24,76,65,55,32,31,25,59,16,5,25,25,37,13,17,3,30,62,80,40,28,11,14,13,34,15,25,30,30,0,5,35,35,50,15,35,5,15,35,40,35,25,40,75,25,25,45,25,70,40,40,20,15,5,60,35,15,0,0,0,0,0,15,0,70,80,35,10,0,20,10,0,10,20,25,90,0,0,70,0,5,5,0,10,0,0,15,15,0,0,0,0,30,56,5,80,70,25,65
Golden State Warriors,D. Melton,SG,28,76,65,65,15,31,6,72,22,5,30,30,6,17,22,34,21,75,80,35,16,28,17,23,16,10,25,0,15,15,30,45,65,55,30,5,10,25,60,40,45,30,0,75,5,25,30,30,45,40,40,20,25,5,80,15,30,10,10,10,20,10,40,20,75,80,40,40,30,35,55,0,5,5,15,85,0,0,45,0,5,5,0,10,0,0,15,15,0,0,0,0,5,60,5,99,60,25,40
Washington Wizards,A. Davis,PF,33,90,85,90,65,77,33,44,23,15,70,50,6,28,33,29,4,14,60,45,29,23,23,16,9,30,25,25,0,5,5,55,45,40,30,25,5,25,50,50,60,30,85,90,60,99,70,30,50,40,45,15,70,10,30,50,45,0,15,0,0,0,45,30,80,85,25,10,10,70,10,25,25,65,85,50,80,80,90,20,35,40,25,60,35,10,35,40,25,30,40,40,5,48,20,85,70,75,99
Washington Wizards,T. Young,PG,28,87,90,99,60,28,21,51,28,13,50,50,8,19,37,33,3,87,90,60,6,21,42,23,8,35,55,30,55,25,35,85,85,95,40,25,5,35,15,50,15,95,0,0,0,25,30,99,55,45,45,10,40,40,50,10,95,15,35,20,65,50,80,50,15,80,50,50,99,0,80,40,40,50,80,50,0,0,0,0,5,5,0,10,0,0,15,15,0,0,0,0,20,40,85,75,75,10,30
Washington Wizards,A. Sarr,C,21,83,80,70,55,75,40,55,40,14,40,15,20,25,20,30,20,35,60,15,20,25,30,25,20,15,25,25,20,0,0,30,0,55,35,30,10,40,50,50,60,30,90,75,10,99,50,20,55,50,45,40,45,25,30,45,40,0,30,0,0,0,30,0,85,80,30,5,10,75,25,0,15,25,35,60,40,80,50,40,40,40,30,35,25,10,30,20,0,40,15,35,20,62,5,85,60,60,99
Washington Wizards,K. George,PF,22,80,70,65,23,29,27,46,27,2,80,35,9,19,24,24,24,70,90,40,25,19,9,22,25,15,35,15,15,0,25,75,45,70,45,5,5,30,25,40,25,25,50,70,45,30,30,10,60,0,2,30,20,5,45,50,15,0,0,15,15,5,15,0,70,75,35,10,25,0,55,0,5,5,10,80,0,0,50,0,15,40,0,10,0,0,15,15,0,0,0,0,5,48,5,65,75,15,55
Washington Wizards,A. Dybantsa,SF,19,79,75,75,46,39,13,73,14,14,35,35,18,20,26,21,15,48,70,45,19,31,22,17,11,20,35,10,0,60,15,80,50,60,40,10,5,40,60,50,45,30,55,80,60,40,50,30,75,55,55,25,35,10,40,50,20,0,0,0,15,0,15,0,70,85,30,10,0,70,30,5,15,25,35,60,30,85,55,15,15,25,0,25,5,10,30,45,15,20,55,25,5,56,5,55,75,30,75
Washington Wizards,B. Coulibaly,SF,22,78,65,55,14,34,44,22,34,3,30,30,14,14,29,0,43,39,70,30,34,15,8,11,32,15,25,30,30,25,0,50,35,50,30,45,5,15,75,75,55,40,35,70,45,30,35,0,35,55,0,50,10,25,25,50,15,0,0,0,0,0,15,0,75,85,40,5,0,50,25,0,15,20,25,75,0,0,65,0,5,20,0,10,0,0,15,15,0,0,0,0,5,58,5,75,80,35,55
Washington Wizards,D. Ayton,C,28,78,65,70,76,50,21,58,21,23,90,30,0,18,61,18,3,2,20,10,10,0,30,30,30,25,5,25,0,0,0,25,0,15,20,15,0,40,40,25,15,20,80,80,35,99,70,5,80,10,25,50,30,5,5,95,15,0,0,0,0,0,15,0,99,85,20,5,0,75,0,0,0,5,10,75,60,80,85,30,60,20,25,50,50,30,35,40,35,10,0,50,5,44,10,60,50,30,99
Washington Wizards,T. Johnson,SG,20,78,65,90,78,36,19,60,21,24,25,35,15,10,31,31,13,69,75,35,14,23,25,27,11,50,25,50,30,0,25,60,60,95,30,35,5,25,40,50,30,50,0,70,0,25,30,35,55,50,35,15,15,35,35,30,75,0,30,15,45,0,60,45,55,75,35,20,25,0,60,10,25,50,70,50,0,0,40,0,5,5,0,10,0,0,15,15,0,0,0,0,5,48,5,40,50,15,50
Washington Wizards,W. Riley,PF,20,78,65,65,18,19,20,50,30,1,30,30,14,14,36,0,36,60,75,50,21,19,18,19,23,30,35,0,5,0,25,45,50,65,10,5,5,25,25,25,25,20,0,70,0,25,25,10,55,0,30,50,10,5,45,55,15,0,0,0,25,0,20,0,75,70,40,10,5,0,90,0,0,0,5,95,0,0,0,0,5,5,0,10,0,0,15,15,0,0,0,0,10,62,5,60,30,15,45
